domain,type
126.com,personal
163.com,personal
aim.com,personal
alice.it,personal
aol.com,personal
att.net,personal
bellsouth.net,personal
bigpond.com,personal
bk.ru,personal
bol.com.br,personal
btinternet.com,personal
charter.net,personal
comcast.net,personal
cox.net,personal
daum.net,personal
duck.com,personal
earthlink.net,personal
email.com,personal
fastmail.com,personal
fastmail.fm,personal
foxmail.com,personal
free.fr,personal
freenet.de,personal
gmail.com,personal
gmx.at,personal
gmx.ch,personal
gmx.com,personal
gmx.de,personal
gmx.net,personal
googlemail.com,personal
hanmail.net,personal
hey.com,personal
hotmail.co.uk,personal
hotmail.com,personal
hotmail.de,personal
hotmail.es,personal
hotmail.fr,personal
hotmail.it,personal
hushmail.com,personal
icloud.com,personal
inbox.ru,personal
interia.pl,personal
laposte.net,personal
libero.it,personal
list.ru,personal
live.co.uk,personal
live.com,personal
live.fr,personal
mac.com,personal
mail.com,personal
mail.ru,personal
mailfence.com,personal
me.com,personal
msn.com,personal
naver.com,personal
o2.pl,personal
onet.pl,personal
optusnet.com.au,personal
orange.fr,personal
outlook.com,personal
passport.com,personal
pm.me,personal
posteo.de,personal
proton.me,personal
protonmail.ch,personal
protonmail.com,personal
qq.com,personal
rambler.ru,personal
rediffmail.com,personal
rocketmail.com,personal
rogers.com,personal
sbcglobal.net,personal
seznam.cz,personal
sfr.fr,personal
shaw.ca,personal
sina.com,personal
skiff.com,personal
sky.com,personal
sohu.com,personal
sympatico.ca,personal
t-online.de,personal
terra.com.br,personal
tiscali.it,personal
tuta.io,personal
tutanota.com,personal
uol.com.br,personal
usa.com,personal
verizon.net,personal
virgilio.it,personal
virginmedia.com,personal
wanadoo.fr,personal
web.de,personal
wp.pl,personal
yahoo.co.in,personal
yahoo.co.jp,personal
yahoo.co.uk,personal
yahoo.com,personal
yahoo.com.br,personal
yahoo.de,personal
yahoo.es,personal
yahoo.fr,personal
yahoo.it,personal
yandex.com,personal
yandex.ru,personal
yeah.net,personal
ymail.com,personal
zoho.com,personal
zohomail.com,personal
0-mail.com,disposable
0-mailer.dynv6.net,disposable
000-webmail.myhome-server.de,disposable
000000000000000.theworkpc.com,disposable
000000000000000000.dynv6.net,disposable
000webmail.ddnss.de,disposable
000webmail.ddnss.org,disposable
000webmail.dyn-ip24.de,disposable
000webmail.dyn.ddnss.de,disposable
000webmail.dyn.home-webserver.de,disposable
000webmail.dyndns.ddnss.de,disposable
000webmail.dyndns1.de,disposable
000webmail.home-webserver.de,disposable
00jac.com,disposable
01022.hk,disposable
010530.xyz,disposable
01130.hk,disposable
020307.xyz,disposable
027168.com,disposable
045692.xyz,disposable
062e.com,disposable
0815.ru,disposable
0815.su,disposable
0845.ru,disposable
092088.xyz,disposable
0box.eu,disposable
0cd.cn,disposable
0clickemail.com,disposable
0cpub2.tech,disposable
0n0ff.net,disposable
0nelce.com,disposable
0rg.fr,disposable
0v.ro,disposable
0w.ro,disposable
0wnd.net,disposable
0wnd.org,disposable
0x207.info,disposable
1-8.biz,disposable
1-mintue-mail.ddnsgeek.com,disposable
1-second-mail.site,disposable
1-tm.com,disposable
10-minute-mail.com,disposable
1000acres.co.uk,disposable
1000rebates.stream,disposable
100likers.com,disposable
102.io.vn,disposable
103.ink,disposable
105kg.ru,disposable
10dk.email,disposable
10inbox.online,disposable
10mail.com,disposable
10mail.org,disposable
10mail.tk,disposable
10mail.xyz,disposable
10min.email,disposable
10minemail.com,disposable
10minmail.de,disposable
10minmail.org,disposable
10minut.com.pl,disposable
10minut.xyz,disposable
10minute.email,disposable
10minutemail.be,disposable
10minutemail.cf,disposable
10minutemail.co.uk,disposable
10minutemail.co.za,disposable
10minutemail.com,disposable
10minutemail.de,disposable
10minutemail.ga,disposable
10minutemail.gq,disposable
10minutemail.ml,disposable
10minutemail.net,disposable
10minutemail.nl,disposable
10minutemail.pro,disposable
10minutemail.us,disposable
10minutemailbox.com,disposable
10minutemails.in,disposable
10minutenemail.de,disposable
10minutenmail.xyz,disposable
10minutesmail.com,disposable
10minutesmail.fr,disposable
10minutmail.pl,disposable
10x9.com,disposable
1111111111111.dynv6.net,disposable
11163.com,disposable
11166666.xyz,disposable
114514279.xyz,disposable
115yu.cc.cd,disposable
123-m.com,disposable
12312312312.cfd,disposable
123312.cc.cd,disposable
1234211.xyz,disposable
123456789.life,disposable
123clone.com,disposable
123mails.org,disposable
12bclass.us,disposable
12friday.space,disposable
12hosting.net,disposable
12houremail.com,disposable
12minutemail.com,disposable
12minutemail.net,disposable
12storage.com,disposable
130723.xyz,disposable
13282298.xyz,disposable
1337.care,disposable
13512863687.store,disposable
140unichars.com,disposable
142code.me,disposable
147.cl,disposable
14club.org.uk,disposable
14n.co.uk,disposable
151668.xyz,disposable
15553.eu.cc,disposable
15555.eu.cc,disposable
15557.eu.cc,disposable
15963.fr.nf,disposable
15qm.com,disposable
164109038.xyz,disposable
16816889.xyz,disposable
179297.xyz,disposable
17tb.io.vn,disposable
1820mail.vip,disposable
189.email,disposable
18t5b.shop,disposable
191117636.cfd,disposable
191mariobet.com,disposable
199411.store,disposable
1blackmoon.com,disposable
1ce.us,disposable
1chuan.com,disposable
1clck2.com,disposable
1fsdfdsfsdf.tk,disposable
1mail.ml,disposable
1nom.org,disposable
1pad.de,disposable
1pice.io.vn,disposable
1s.fr,disposable
1sec.site,disposable
1secmail.com,disposable
1secmail.net,disposable
1secmail.org,disposable
1secmail.space,disposable
1secmail.website,disposable
1st-forms.com,disposable
1sworld.com,disposable
1t-mail.com,disposable
1to1mail.org,disposable
1trick.net,disposable
1usemail.com,disposable
1webmail.info,disposable
1win.life,disposable
1xp.fr,disposable
1zhuan.com,disposable
2-b.icu,disposable
200192.indevs.in,disposable
20030310.com,disposable
2003066.xyz,disposable
2012-2016.ru,disposable
20253025.xyz,disposable
20260501.ccwu.cc,disposable
20260503.ccwu.cc,disposable
202608221.xyz,disposable
2048unblocked.com,disposable
20email.eu,disposable
20email.it,disposable
20mail.eu,disposable
20mail.in,disposable
20mail.it,disposable
20minutemail.com,disposable
20minutemail.it,disposable
20minutesmail.com,disposable
20mm.eu,disposable
2120001.net,disposable
216222.xyz,disposable
21cn.com,disposable
21mail.top,disposable
2200freefonts.com,disposable
22345377.xyz,disposable
2333.live,disposable
247chats.com,disposable
247web.net,disposable
24faw.com,disposable
24hinbox.com,disposable
24hourmail.com,disposable
24hourmail.net,disposable
24mail.top,disposable
25kcreditveo3.io.vn,disposable
25kg2gveo3.io.vn,disposable
25kmans.io.vn,disposable
25kmembers.io.vn,disposable
25kseller.io.vn,disposable
25kselll.io.vn,disposable
25kveo.io.vn,disposable
25kveo3.io.vn,disposable
25kvideo.io.vn,disposable
25u.com,disposable
264341.xyz,disposable
269966.xyz,disposable
2932919455.dynv6.net,disposable
2anom.com,disposable
2chmail.net,disposable
2ether.net,disposable
2fdgdfgdfgdf.tk,disposable
2likemobile.site,disposable
2likemobile.tech,disposable
2likemobile.top,disposable
2likemobile.xyz,disposable
2mail.eu.cc,disposable
2odem.com,disposable
2prong.com,disposable
2wc.info,disposable
300book.info,disposable
30mail.ir,disposable
30minutemail.com,disposable
30wave.com,disposable
3202.com,disposable
32132.ccwu.cc,disposable
326645.indevs.in,disposable
326646.indevs.in,disposable
326646302.indevs.in,disposable
3333366.xyz,disposable
3435637.xyz,disposable
365boxmail.com,disposable
36duongtau.live,disposable
36ru.com,disposable
39393.eu.cc,disposable
39393.me,disposable
3a88.dev,disposable
3bbb.cc.cd,disposable
3d-painting.com,disposable
3dkai.com,disposable
3fdn.com,disposable
3jf.cn,disposable
3l6.com,disposable
3littlemiracles.com,disposable
3mail.ga,disposable
3trtretgfrfe.tk,disposable
3xu.studio,disposable
4-n.us,disposable
401010.xyz,disposable
4057.com,disposable
415dacjder.qzz.io,disposable
418.dk,disposable
42o.org,disposable
42web.io,disposable
45kg2gveo3.io.vn,disposable
45kselller.io.vn,disposable
45kveo.io.vn,disposable
45kveo3.io.vn,disposable
48dz.com,disposable
48hr.email,disposable
497000.xyz,disposable
499713376.xyz,disposable
4bbb.cc.cd,disposable
4bus.io.vn,disposable
4gfdsgfdgfd.tk,disposable
4k5.net,disposable
4mail.cf,disposable
4mail.ga,disposable
4nextmail.com,disposable
4nmv.ru,disposable
4pu.com,disposable
4save.net,disposable
4tb.host,disposable
4warding.com,disposable
4warding.net,disposable
4warding.org,disposable
50set.ru,disposable
51baidu.tech,disposable
51mail.shop,disposable
51www.us,disposable
521883.xyz,disposable
522885.xyz,disposable
52mails.com,disposable
55hosting.net,disposable
5ghgfhfghfgh.tk,disposable
5gramos.com,disposable
5ixmonth.xyz,disposable
5july.org,disposable
5mail.cf,disposable
5mail.ga,disposable
5minutemail.net,disposable
5oz.ru,disposable
5semail.com,disposable
5tb.in,disposable
5x25.com,disposable
5xu.vn,disposable
5y.loseyourip.com,disposable
5yaochu.top,disposable
5ymail.com,disposable
60minutemail.com,disposable
628868.xyz,disposable
636364.xyz,disposable
66-77.cc,disposable
662602718.xyz,disposable
668fmail.com,disposable
66b1it.eu.org,disposable
672643.net,disposable
675hosting.com,disposable
675hosting.net,disposable
675hosting.org,disposable
6789.io.vn,disposable
67899vip.com,disposable
681mail.com,disposable
689345.xyz,disposable
6974.click,disposable
69flix.site,disposable
6gdfg.zone.id,disposable
6hjgjhgkilkj.tk,disposable
6ip.us,disposable
6mail.cf,disposable
6mail.ga,disposable
6mail.ml,disposable
6n9.net,disposable
6paq.com,disposable
6somok.ru,disposable
6th.pp.ua,disposable
6url.com,disposable
6ys.tech,disposable
709183.freeddns.org,disposable
719182.accesscam.org,disposable
729406.xyz,disposable
7362354.xyz,disposable
75hosting.com,disposable
75hosting.net,disposable
75hosting.org,disposable
778891.icu,disposable
78.edu.kg,disposable
78.school,disposable
78511939.xyz,disposable
792792.xyz,disposable
794613.accesscam.org,disposable
7days-printing.com,disposable
7mail.ga,disposable
7mail.ml,disposable
7novels.com,disposable
7tags.com,disposable
7xusq8vbim5d47.icu,disposable
80665.com,disposable
80fight.cn,disposable
8127ep.com,disposable
816qs.com,disposable
83.io.vn,disposable
862808.xyz,disposable
875888.xyz,disposable
88cloud.cc,disposable
8d7kh.com,disposable
8mail.cf,disposable
8mail.ga,disposable
8mail.ml,disposable
911666.xyz,disposable
912684.abrdns.com,disposable
91tanhua.top,disposable
920325.xyz,disposable
931123.xyz,disposable
94587293.xyz,disposable
94an.com,disposable
950410.xyz,disposable
957jp.cc,disposable
971007.xyz,disposable
981027.xyz,disposable
98104.cn,disposable
99.com,disposable
992551.xyz,disposable
99cows.com,disposable
99experts.com,disposable
99mail.us,disposable
9mail.cf,disposable
9me.site,disposable
9mot.ru,disposable
9ox.net,disposable
9q.ro,disposable
a--i.top,disposable
a-bc.net,disposable
a-germandu.de,disposable
a45.in,disposable
a7996.com,disposable
aa5zy64.com,disposable
aaago.cyou,disposable
aabkmail.com,disposable
aachendate.de,disposable
aaconservation.org,disposable
aakingcompany.shop,disposable
aakk.link,disposable
aakkmail.com,disposable
aaoo.me,disposable
aaqwe.ru,disposable
aaqwe.store,disposable
aard.org.uk,disposable
aasdarq.eu.cc,disposable
aasdasd.eu.cc,disposable
abacuswe.us,disposable
abaib.bond,disposable
abajb.bond,disposable
abakiss.com,disposable
abalb.bond,disposable
abamb.bond,disposable
abanb.bond,disposable
abapb.bond,disposable
abasb.bond,disposable
abatido.com,disposable
abaub.bond,disposable
abaxb.bond,disposable
abayb.bond,disposable
abazb.bond,disposable
abc179312.shop,disposable
abcmail.email,disposable
aberllefenni.co.uk,disposable
abevw.com,disposable
abilityaccesslegal.org,disposable
abilitywe.us,disposable
abo-free.fr.nf,disposable
aboodbab.com,disposable
abouse.space,disposable
abovewe.us,disposable
absolutewe.us,disposable
abundantwe.us,disposable
abusemail.de,disposable
abuser.eu,disposable
abusultann.com,disposable
abyis.com,disposable
abyssmail.com,disposable
ac-malin.fr.nf,disposable
ac20mail.in,disposable
academiccommunity.com,disposable
academywe.us,disposable
acaic.bond,disposable
acanok.com,disposable
acc1s.com,disposable
acc1s.net,disposable
accclone.com,disposable
acceleratewe.us,disposable
accentwe.us,disposable
acceptwe.us,disposable
accis.net,disposable
acclaimwe.us,disposable
accora.io.vn,disposable
accordwe.us,disposable
accountscenter.support,disposable
accreditedwe.us,disposable
acdag.indevs.in,disposable
acedby.com,disposable
acg-news.com,disposable
acgdb.eu.org,disposable
acgn.click,disposable
acgnnews.com,disposable
achievementwe.us,disposable
achievewe.us,disposable
acidservices.xyz,disposable
acornwe.us,disposable
acqq.dev,disposable
acreadingroom.co.uk,disposable
acrossgracealley.com,disposable
acrylicwe.us,disposable
actarus.infos.st,disposable
activatewe.us,disposable
activitywe.us,disposable
acucre.com,disposable
acuitywe.us,disposable
acumenwe.us,disposable
ad-managment.run.place,disposable
adaid.bond,disposable
adaptivewe.us,disposable
adaptwe.us,disposable
adarsa.me,disposable
adawd.bond,disposable
add3000.pp.ua,disposable
addadsasd.icu,disposable
addictingtrailers.com,disposable
addmails.com,disposable
addrin.uk,disposable
adeptwe.us,disposable
adfskj.com,disposable
adios.email,disposable
adiq.eu,disposable
aditus.info,disposable
admiralwe.us,disposable
adn3t.com,disposable
ado888.biz,disposable
adobeccepdm.com,disposable
adoniswe.us,disposable
ados.cc.cd,disposable
adpugh.org,disposable
adresse.infos.st,disposable
adroh.com,disposable
ads24h.top,disposable
adsd.org,disposable
adsensekorea.com,disposable
adubiz.info,disposable
adult-work.info,disposable
adv-dep-eng.jo3.org,disposable
advantagewe.us,disposable
advantageyoungpeople.com,disposable
advantimo.com,disposable
adventurewe.us,disposable
adventwe.us,disposable
advisorwe.us,disposable
advitise.com,disposable
advocatewe.us,disposable
adwaterandstir.com,disposable
aeace.bond,disposable
aeale.bond,disposable
aeame.bond,disposable
aeape.bond,disposable
aeare.bond,disposable
aeaue.bond,disposable
aeaxe.bond,disposable
aecmedya.com,disposable
aeerso.space,disposable
aegde.com,disposable
aegia.net,disposable
aegiscorp.net,disposable
aegiswe.us,disposable
aelo.es,disposable
aeonpsi.com,disposable
aerionx25k.io.vn,disposable
aeronyx.cfd,disposable
aesel.me,disposable
aetheron.cfd,disposable
afalf.bond,disposable
afarek.com,disposable
afarf.bond,disposable
afeeyah.store,disposable
affecting.org,disposable
affiliate-nebenjob.info,disposable
affiliatedwe.us,disposable
affilikingz.de,disposable
affinitywe.us,disposable
affluentwe.us,disposable
affordablewe.us,disposable
afgpuk.co.uk,disposable
afia.pro,disposable
afrobacon.com,disposable
afse-gh.top,disposable
aftercorporation.com,disposable
afterhourswe.us,disposable
afternea.sbs,disposable
afw.fr.nf,disposable
ag77brc.ddnsfree.com,disposable
agabg.bond,disposable
agallagher.id,disposable
agedmail.com,disposable
agencysq.store,disposable
agendawe.us,disposable
agenpremium.store,disposable
agentloop.sbs,disposable
agger.ro,disposable
agilewe.us,disposable
agiuse.com,disposable
agmbowie.com,disposable
agorawe.us,disposable
agri4life.io.vn,disposable
agtx.net,disposable
agylzuv.top,disposable
ahavaexperience.com,disposable
aheadwe.us,disposable
ahem.email,disposable
ahk.jp,disposable
ahmadfamily.net,disposable
ahmadizhar.net,disposable
ahmedkhlef.com,disposable
ahvin.com,disposable
ai100999.com,disposable
aiaccount.click,disposable
aiapes.publicvm.com,disposable
aibase.bond,disposable
aiclit.asia,disposable
aidesign.work.gd,disposable
aidesigner.2bd.net,disposable
aifmusic.top,disposable
aifreeuk.com,disposable
aifreeuk.info,disposable
aifreeuk.net,disposable
aifreeuk.store,disposable
aihubtools.space,disposable
aihuohua.online,disposable
aikunkun.com,disposable
ailicke.com,disposable
aineapi.com,disposable
aiphotoeditor.io,disposable
aiphotoenhancer.me,disposable
air2token.com,disposable
aircourriel.com,disposable
airhemp.com,disposable
airmailbox.website,disposable
airsworld.net,disposable
airychen.com,disposable
aisub.store,disposable
aisubpro.click,disposable
aisubstore.click,disposable
aisupply.click,disposable
aiuu.tech,disposable
aiworldx.com,disposable
aixnv.com,disposable
aizhongzhuan.cc,disposable
ajaxapp.net,disposable
ajinimoto.me,disposable
ak02fca.loseyourip.com,disposable
ak6lay.shop,disposable
akapost.com,disposable
akbip.com,disposable
akerd.com,disposable
akfoin.us.ci,disposable
akgq701.com,disposable
akirapowered.com,disposable
akjaey.space,disposable
akmail.in,disposable
akolay.tech,disposable
akugu.com,disposable
akunlama.com,disposable
akunlemah.biz.id,disposable
al-qaeda.us,disposable
al1ya.app,disposable
alarafoundation.com,disposable
albill.com,disposable
albionwe.us,disposable
alchemywe.us,disposable
aleh.de,disposable
alfaceti.com,disposable
alhsalumni.org,disposable
aliaswe.us,disposable
aliban.org,disposable
alienware13.com,disposable
aligamel.com,disposable
alightmotion.cloud,disposable
alightmotion.id,disposable
alightmotion.top,disposable
alightmotion.website,disposable
aligroup.uk,disposable
alilot.com,disposable
alin.cc.cd,disposable
alin.eu.cc,disposable
alina-schiesser.ch,disposable
alisaol.com,disposable
alisongamel.com,disposable
alisree.com,disposable
alivance.com,disposable
alivewe.us,disposable
all-cats.ru,disposable
allaccesswe.us,disposable
allamericanwe.us,disposable
allaroundwe.us,disposable
alldirectbuy.com,disposable
allegiancewe.us,disposable
allegrowe.us,disposable
allemojikeyboard.com,disposable
allez.io.vn,disposable
allfreemail.net,disposable
allgoodwe.us,disposable
alliancewe.us,disposable
allinonewe.us,disposable
allofthem.net,disposable
alloutwe.us,disposable
allowed.org,disposable
alloywe.us,disposable
allprowe.us,disposable
allreview4u.com,disposable
allseasonswe.us,disposable
allstarwe.us,disposable
allthegoodnamesaretaken.org,disposable
allumhall.co.uk,disposable
allurewe.us,disposable
allwebemails.com,disposable
almatips.com,disposable
almiswelfare.org,disposable
almondwe.us,disposable
alosp.com,disposable
alph.wtf,disposable
alpha-web.net,disposable
alphaomegawe.us,disposable
alphatronic25k.io.vn,disposable
alphax.fr.nf,disposable
alpinewe.us,disposable
alreval.com,disposable
altairwe.us,disposable
altitudewe.us,disposable
altmails.com,disposable
altrans.fr.nf,disposable
altuswe.us,disposable
aluimport.com,disposable
alvaxio.com,disposable
alves.fr.nf,disposable
alwayss.uno,disposable
ama-trade.de,disposable
ama-trans.de,disposable
amadeuswe.us,disposable
amail.club,disposable
amail.com,disposable
amail1.com,disposable
amail4.me,disposable
amazinggift.life,disposable
amazingly.online,disposable
amazon-aws.org,disposable
amberwe.us,disposable
ambiancewe.us,disposable
ambitiouswe.us,disposable
ameady.com,disposable
ameeppoossaa.dedyn.io,disposable
amelabs.com,disposable
americanawe.us,disposable
americancivichub.com,disposable
americasbestwe.us,disposable
americaswe.us,disposable
amex409.monster,disposable
amicuswe.us,disposable
amilegit.com,disposable
aminating.com,disposable
amiri.net,disposable
amiriindustries.com,disposable
amiyah.cloud,disposable
amiyiy.xyz,disposable
amplewe.us,disposable
amplifiedwe.us,disposable
amplifywe.us,disposable
ampsylike.com,disposable
anajakstore.site,disposable
analogwe.us,disposable
analysiswe.us,disposable
analyticalwe.us,disposable
analyticswe.us,disposable
analyticwe.us,disposable
anappfor.com,disposable
anappthat.com,disposable
anarac.com,disposable
anbinh.io.vn,disposable
andalanglobal.app,disposable
andreihusanu.ro,disposable
andrewclaude.eu,disposable
andrewclaude.fr,disposable
andrewclaude.org,disposable
andrewclaude.store,disposable
andrewcluh.top,disposable
androl.cfd,disposable
andthen.us,disposable
angiiidayyy.click,disposable
anhiqojkaq1.abrdns.com,disposable
anhvip9999.com,disposable
anie.io.vn,disposable
animesos.com,disposable
aniross.com,disposable
anit.ro,disposable
ankiclub.space,disposable
ann.qzz.io,disposable
annd.us,disposable
annnekkk.com,disposable
ano-mail.net,disposable
anogz.com,disposable
anon-mail.de,disposable
anonbox.net,disposable
anonmail.top,disposable
anonmails.de,disposable
anonymail.dk,disposable
anonymbox.com,disposable
anonymized.org,disposable
anonymousness.com,disposable
anotherdomaincyka.tk,disposable
anquandx.com,disposable
ansibleemail.com,disposable
anthony-junkmail.com,disposable
anti.io.vn,disposable
antireg.com,disposable
antireg.ru,disposable
antispam.de,disposable
antispam.fr.nf,disposable
antispam24.de,disposable
antispammail.de,disposable
antttool.us,disposable
anversa.com.co,disposable
anvjobvnu.top,disposable
any.pink,disposable
anyalias.com,disposable
anypng.com,disposable
anywebmail.com,disposable
aoeuhtns.com,disposable
aohl.io.vn,disposable
aokkad.com,disposable
aokkap.my.id,disposable
aokkas.com,disposable
ap535fu.ddnsfree.com,disposable
ape-tech.run.place,disposable
apedesigns.jo3.org,disposable
apedesigns.linkpc.net,disposable
apes-ai.linkpc.net,disposable
apex.io.vn,disposable
apexnovaser.com,disposable
apexone.top,disposable
apfelkorps.de,disposable
aphlog.com,disposable
apimi.icu,disposable
apkmd.com,disposable
apocaw.com,disposable
appc.se,disposable
appinventor.nl,disposable
appixie.com,disposable
apple.edu.pl,disposable
appmail.uk,disposable
appremiums.pro,disposable
apps.dj,disposable
appsdjheru.site,disposable
appzily.com,disposable
aprinastore.web.id,disposable
aprte.com,disposable
aqilakomputer.com,disposable
aquaguide.ru,disposable
ar26710.cc.cd,disposable
arapgege.app,disposable
arapps.me,disposable
arcadein.com,disposable
arcadium.lat,disposable
arcentra.cfd,disposable
ardsp.shop,disposable
arduino.hk,disposable
arenahiveai.com,disposable
ares.edu.pl,disposable
ares.io.vn,disposable
ariaz.jetzt,disposable
arkoo.site,disposable
armyspy.com,disposable
aron.us,disposable
arrabyte.com,disposable
arroisijewellery.com,disposable
art-en-ligne.pro,disposable
art2mart.com,disposable
arthiq.life,disposable
artleoncommunications.com,disposable
artman-conception.com,disposable
artsdigi.store,disposable
artsdigital.store,disposable
arur01.tk,disposable
arurgitu.gq,disposable
arvato-community.de,disposable
arxxwalls.com,disposable
asajv2ray.site,disposable
asaption.com,disposable
aschenbrandt.net,disposable
asciibinder.net,disposable
asd903102.online,disposable
asdascas.dpdns.org,disposable
asdasd.nl,disposable
asdasd.ru,disposable
asdcxijkj.eu.cc,disposable
asedeeqaweds.dedyn.io,disposable
asgzs.top,disposable
ashleyandrew.com,disposable
ashnkarsh.life,disposable
asia-hq.jo3.org,disposable
asimarif.com,disposable
asistx.net,disposable
ask-mail.com,disposable
asleepity.com,disposable
asorent.com,disposable
aspireviastudios.org,disposable
ass.pp.ua,disposable
assurmail.net,disposable
astonut.tk,disposable
astroempires.info,disposable
asu.mx,disposable
asu.su,disposable
asurad.com,disposable
at.hm,disposable
at0mik.org,disposable
atelierdelune.shop,disposable
atkshop.shop,disposable
atkshopp.space,disposable
atlas4381.me,disposable
atlasimple.com,disposable
atmemail.top,disposable
atnet.top,disposable
atnetcloud.space,disposable
atnextmail.com,disposable
atombomb.online,disposable
attnetwork.com,disposable
atxc.space,disposable
au1688x.us,disposable
aubady.com,disposable
augmentationtechnology.com,disposable
aumails.us,disposable
auralith.cfd,disposable
aureliandata.space,disposable
ausgefallen.info,disposable
auth2fa.com,disposable
auti.st,disposable
autofixmax.com,disposable
automisly.org,disposable
automizelymail.info,disposable
automizly.net,disposable
autommo.net,disposable
autorobotica.com,disposable
autosouvenir39.ru,disposable
autotwollow.com,disposable
autowb.com,disposable
autoxugiare.com,disposable
autre.fr.nf,disposable
autu11n.lol,disposable
available-home.com,disposable
avalentra.cfd,disposable
averdov.com,disposable
avia-tonic.fr,disposable
avls.pt,disposable
avq69cb.loseyourip.com,disposable
avtolev.com,disposable
awa.pics,disposable
awatum.de,disposable
awdrt.org,disposable
awesome47.com,disposable
awesomesaucemail.org,disposable
awgarstone.com,disposable
awiki.org,disposable
awoiiwowma11001.indevs.in,disposable
aws-mail-2.dynv6.net,disposable
aws-mail-free-1017.dynv6.net,disposable
aws-mail-free-102.dynv6.net,disposable
aws-mail-free-1056.dynv6.net,disposable
aws-mail-free-1304.dynv6.net,disposable
aws-mail-free-1705.dynv6.net,disposable
aws-mail-free-1842.dynv6.net,disposable
aws-mail-free-1884.dynv6.net,disposable
aws-mail-free-2156.dynv6.net,disposable
aws-mail-free-2236.dynv6.net,disposable
aws-mail-free-2290.dynv6.net,disposable
aws-mail-free-2383.dynv6.net,disposable
aws-mail-free-2409.dynv6.net,disposable
aws-mail-free-2454.dynv6.net,disposable
aws-mail-free-2524.dynv6.net,disposable
aws-mail-free-2704.dynv6.net,disposable
aws-mail-free-2737.dynv6.net,disposable
aws-mail-free-2775.dynv6.net,disposable
aws-mail-free-2795.dynv6.net,disposable
aws-mail-free-2845.dynv6.net,disposable
aws-mail-free-2892.dynv6.net,disposable
aws-mail-free-2906.dynv6.net,disposable
aws-mail-free-2923.dynv6.net,disposable
aws-mail-free-3038.dynv6.net,disposable
aws-mail-free-3335.dynv6.net,disposable
aws-mail-free-3381.dynv6.net,disposable
aws-mail-free-3620.dynv6.net,disposable
aws-mail-free-3711.dynv6.net,disposable
aws-mail-free-3796.dynv6.net,disposable
aws-mail-free-385.dynv6.net,disposable
aws-mail-free-4014.dynv6.net,disposable
aws-mail-free-4017.dynv6.net,disposable
aws-mail-free-4131.dynv6.net,disposable
aws-mail-free-4206.dynv6.net,disposable
aws-mail-free-4257.dynv6.net,disposable
aws-mail-free-4289.dynv6.net,disposable
aws-mail-free-4531.dynv6.net,disposable
aws-mail-free-4550.dynv6.net,disposable
aws-mail-free-4573.dynv6.net,disposable
aws-mail-free-4711.dynv6.net,disposable
aws-mail-free-4726.dynv6.net,disposable
aws-mail-free-4761.dynv6.net,disposable
aws-mail-free-4816.dynv6.net,disposable
aws-mail-free-4885.dynv6.net,disposable
aws-mail-free-4920.dynv6.net,disposable
aws-mail-free-493.dynv6.net,disposable
aws-mail-free-4937.dynv6.net,disposable
aws-mail-free-5119.dynv6.net,disposable
aws-mail-free-518.dynv6.net,disposable
aws-mail-free-5241.dynv6.net,disposable
aws-mail-free-5380.dynv6.net,disposable
aws-mail-free-5392.dynv6.net,disposable
aws-mail-free-5537.dynv6.net,disposable
aws-mail-free-5670.dynv6.net,disposable
aws-mail-free-5781.dynv6.net,disposable
aws-mail-free-5786.dynv6.net,disposable
aws-mail-free-5969.dynv6.net,disposable
aws-mail-free-6032.dynv6.net,disposable
aws-mail-free-6033.dynv6.net,disposable
aws-mail-free-6080.dynv6.net,disposable
aws-mail-free-6120.dynv6.net,disposable
aws-mail-free-6253.dynv6.net,disposable
aws-mail-free-6255.dynv6.net,disposable
aws-mail-free-6306.dynv6.net,disposable
aws-mail-free-6398.dynv6.net,disposable
aws-mail-free-6552.dynv6.net,disposable
aws-mail-free-659.dynv6.net,disposable
aws-mail-free-6604.dynv6.net,disposable
aws-mail-free-6690.dynv6.net,disposable
aws-mail-free-6691.dynv6.net,disposable
aws-mail-free-6762.dynv6.net,disposable
aws-mail-free-6826.dynv6.net,disposable
aws-mail-free-7145.dynv6.net,disposable
aws-mail-free-7149.dynv6.net,disposable
aws-mail-free-7153.dynv6.net,disposable
aws-mail-free-7194.dynv6.net,disposable
aws-mail-free-7358.dynv6.net,disposable
aws-mail-free-7477.dynv6.net,disposable
aws-mail-free-764.dynv6.net,disposable
aws-mail-free-7654.dynv6.net,disposable
aws-mail-free-7838.dynv6.net,disposable
aws-mail-free-7849.dynv6.net,disposable
aws-mail-free-788.dynv6.net,disposable
aws-mail-free-7897.dynv6.net,disposable
aws-mail-free-8085.dynv6.net,disposable
aws-mail-free-8091.dynv6.net,disposable
aws-mail-free-8205.dynv6.net,disposable
aws-mail-free-8225.dynv6.net,disposable
aws-mail-free-8467.dynv6.net,disposable
aws-mail-free-8475.dynv6.net,disposable
aws-mail-free-8741.dynv6.net,disposable
aws-mail-free-9015.dynv6.net,disposable
aws-mail-free-916.dynv6.net,disposable
aws-mail-free-9161.dynv6.net,disposable
aws-mail-free-9283.dynv6.net,disposable
aws-mail-free-9409.dynv6.net,disposable
aws-mail-free-9533.dynv6.net,disposable
aws-mail-free-9596.dynv6.net,disposable
aws-mail-free-9697.dynv6.net,disposable
aws-mail-free-9703.dynv6.net,disposable
aws-mail-free-9789.dynv6.net,disposable
aws-mail.accesscam.org,disposable
aws-mailer.dynv6.net,disposable
awsoo.com,disposable
ax05.cn,disposable
axax.asia,disposable
axgrad.io,disposable
axin05.icu,disposable
axionintellex.shop,disposable
axiz.org,disposable
axon7zte.com,disposable
axsup.net,disposable
ayag.cloud,disposable
ayakamail.cf,disposable
ayumas.store,disposable
az18nep.camdvr.org,disposable
azame.pw,disposable
azazazatashkent.tk,disposable
azcomputerworks.com,disposable
azeqsd.fr.nf,disposable
azmeil.tk,disposable
azulejoslowcost.es,disposable
azuretechtalk.net,disposable
azurien.cfd,disposable
azzancoffee.com,disposable
b0h748o.kozow.com,disposable
b1of96u.com,disposable
b1tvjn3.loseyourip.com,disposable
b20nn6.cn,disposable
b2bx.net,disposable
b2cmail.de,disposable
b3j72kr.theworkpc.com,disposable
b7s.ru,disposable
babyeat.food,disposable
babyfun.fun,disposable
back67283.eu.cc,disposable
back7654.eu.cc,disposable
backilnge.com,disposable
bacteroidmail.com,disposable
badgerland.eu,disposable
badoop.com,disposable
badopsec.lol,disposable
badpotato.tk,disposable
baechecker.com,disposable
bahlill.cfd,disposable
baicai1145.online,disposable
baicai1145.shop,disposable
baidoxe.com,disposable
baileybridge.org,disposable
baipiaodashen.cloud-ip.cc,disposable
baiyucraft.sbs,disposable
baizoto.shop,disposable
bakalos.dpdns.org,disposable
bakultelo.com,disposable
balaket.com,disposable
balawo.com,disposable
banana.linkpc.net,disposable
banancaocap.com,disposable
banclone.pro,disposable
bandtoo.com,disposable
bangban.uk,disposable
bangdieukhien.net,disposable
banhang14.com,disposable
banit.club,disposable
banit.me,disposable
bank-opros1.ru,disposable
bankinnepal.com,disposable
banri.xyz,disposable
bar-ton.store,disposable
bareed.ws,disposable
barnrestaurant.pro,disposable
barooko.com,disposable
barry.dpdns.org,disposable
barryogorman.com,disposable
bartdevos.be,disposable
baselogicroute.com,disposable
basepathgrid.com,disposable
baserda.net,disposable
bashyrcn.yachts,disposable
basketrise.com,disposable
basscode.org,disposable
batdongsanhatinh.org,disposable
bathdf.co.uk,disposable
batiinsaat.net,disposable
bauwerke-online.com,disposable
baybabes.com,disposable
baybumutan.shop,disposable
bazaaboom.com,disposable
bb28.dev,disposable
bbbbyyzz.info,disposable
bbhost.us,disposable
bbitf.com,disposable
bbitj.com,disposable
bbitq.com,disposable
bbmail.store,disposable
bbmailku.com,disposable
bboys.fr.nf,disposable
bbroot.com,disposable
bbwg.one,disposable
bbxb.fashion,disposable
bbyb.fashion,disposable
bcaoo.com,disposable
bcast.ws,disposable
bcb.ro,disposable
bccto.me,disposable
bcm.edu.pl,disposable
bcmail.pro,disposable
bcooq.com,disposable
bda.io.vn,disposable
bdgstr.com,disposable
bdm.ovh,disposable
bdmuzic.pw,disposable
bdo.io.vn,disposable
bdq8.pw,disposable
bdshar.com,disposable
beaconmessenger.com,disposable
bearsarefuzzy.com,disposable
beastmail.space,disposable
beatbok.online,disposable
beautifulblessingsbeyondborders.org,disposable
bebed.cyou,disposable
bebel.cyou,disposable
beben.cyou,disposable
bebez.cyou,disposable
beddly.com,disposable
beefmilk.com,disposable
beelsil.com,disposable
beganment.com,disposable
begemail.com,disposable
begfax1.loseyourip.com,disposable
behatifoundation.org,disposable
bekasi.me,disposable
belamail.org,disposable
belgianairways.com,disposable
belicapcut.app,disposable
belljonestax.com,disposable
beluckygame.com,disposable
benipaula.org,disposable
benphim.com,disposable
benphim.net,disposable
benshelf.com,disposable
bepureme.com,disposable
beribase.ru,disposable
beribaza.ru,disposable
berirabotay.ru,disposable
berkahfb.com,disposable
berkahjayashope.com,disposable
berwie.com,disposable
bespokehaircare.co.uk,disposable
best-hosting.biz,disposable
best-john-boats.com,disposable
best-temp-mail.com,disposable
best-vpn.xyz,disposable
bestchoiceusedcar.com,disposable
bestlistbase.com,disposable
bestoption25.club,disposable
bestparadize.com,disposable
bestsoundeffects.com,disposable
besttempmail.com,disposable
beta.edu.pl,disposable
betacinder.com,disposable
betatensor.com,disposable
betr.co,disposable
betteryoutime.com,disposable
beyondreasonabledoubt.co.uk,disposable
bflcafe.com,disposable
bgtmail.com,disposable
bgx.ro,disposable
bgyiacczy.top,disposable
bhana.xyz,disposable
bhap.me,disposable
bheps.com,disposable
bhuxp.org,disposable
bidourlnks.com,disposable
big1.us,disposable
bigmail.lol,disposable
bigprofessor.so,disposable
bigstring.com,disposable
bigwhoop.co.za,disposable
bij.pl,disposable
bilingva-ca.store,disposable
bin-ich.com,disposable
binafex.com,disposable
binancepools.cloud,disposable
binbx.net,disposable
binech.com,disposable
binich.com,disposable
binka.me,disposable
binkmail.com,disposable
binnary.com,disposable
binsh.kro.kr,disposable
bio-muesli.info,disposable
bio-muesli.net,disposable
biojuris.com,disposable
bione.co,disposable
bipochub.com,disposable
birminghamlife.org.uk,disposable
bishwanathuk.cc,disposable
bitmah.com,disposable
bitmens.com,disposable
bitrealm.in,disposable
bittnex.com,disposable
bitwhites.top,disposable
bitymails.us,disposable
biubiuwholeworld.cn,disposable
biweia615.icu,disposable
biyug.com,disposable
biz.st,disposable
bizimalem-support.de,disposable
bizisstance.com,disposable
bjorwi.rest,disposable
bjvc.top,disposable
blackgoldagency.ru,disposable
blackmarket.to,disposable
bladesmail.net,disposable
blakeagency.buzz,disposable
blenched.com,disposable
blendlog.com,disposable
blenro.com,disposable
bletilla.cc,disposable
bletsoetownclosecharity.bio,disposable
blip.ch,disposable
blip.ovh,disposable
blnkt.net,disposable
blobapps.com,disposable
block-this-for-gambling.cloud-ip.cc,disposable
block521.com,disposable
blog3.cc.cd,disposable
blogger.nyc.mn,disposable
blogmyway.org,disposable
blogos.net,disposable
blogspam.ro,disposable
blogtricks.de,disposable
blondemorkin.com,disposable
blondmail.com,disposable
bltiwd.com,disposable
bluedumpling.info,disposable
bluewerks.com,disposable
bmoar.com,disposable
bncinema.com,disposable
bnote.com,disposable
bnrlner.shop,disposable
bnyhr.us,disposable
boatmail.us,disposable
bobgf.ru,disposable
bobgf.store,disposable
bobmail.info,disposable
bobmurchison.com,disposable
bocas.tech,disposable
boerakemail.com,disposable
bofthew.com,disposable
bokgumail.kr,disposable
bomnet.net,disposable
bonobo.email,disposable
boofx.com,disposable
bookgame.org,disposable
bookthemmore.com,disposable
boom.publicvm.com,disposable
boom114.ccwu.cc,disposable
boommail.online,disposable
boostme.es,disposable
bootssl.com,disposable
bootybay.de,disposable
boranora.com,disposable
bored.lol,disposable
borged.com,disposable
borged.net,disposable
borged.org,disposable
bosakun.com,disposable
boscharena.dev,disposable
boshi-gdh.club,disposable
bot.cd,disposable
bot.nu,disposable
botasky.eu.cc,disposable
botgetlink.com,disposable
botgetlink.net,disposable
botnet.my.id,disposable
boukshilf.com,disposable
boun.cr,disposable
bouncr.com,disposable
bowlfuel.com,disposable
box-mail.ru,disposable
box-mail.store,disposable
boxem.ru,disposable
boxem.store,disposable
boxfi.uk,disposable
boxformail.in,disposable
boximail.com,disposable
boxlet.ru,disposable
boxlet.store,disposable
boxmach.com,disposable
boxmail.lol,disposable
boxmail1.com,disposable
boxomail.live,disposable
boxtemp.com.br,disposable
boyaga.com,disposable
bpotogo.com,disposable
bptfp.net,disposable
bradingtowntrust.co.uk,disposable
brand-app.biz,disposable
brandallday.net,disposable
brashbeat.online,disposable
brasx.org,disposable
brazbuzii.online,disposable
breaite.com,disposable
breakthru.com,disposable
brefmail.com,disposable
brennendesreich.de,disposable
brevionix.cfd,disposable
brevitron.cfd,disposable
bridgetonmainstreet.org,disposable
briefalpha.org,disposable
briggsmarcus.com,disposable
brightfuturescharity.org.uk,disposable
bristolstatehousefoundation.org,disposable
brivian.link,disposable
broadbandninja.com,disposable
brodipek.xyz,disposable
brokenion.com,disposable
brothershaircut.com,disposable
brownjasen.ccwu.cc,disposable
browzensew.ca,disposable
browzensew.com,disposable
browzensew.icu,disposable
browzensew.info,disposable
browzensw.com,disposable
browzensw.info,disposable
browzensw.net,disposable
browzensw.store,disposable
bsfh.beer,disposable
bskyx.fun,disposable
bsnow.net,disposable
bspamfree.org,disposable
bspooky.com,disposable
bst-72.com,disposable
btb-notes.com,disposable
btc.email,disposable
btcmail.pw,disposable
btcmod.com,disposable
btizet.pl,disposable
btsblock.com,disposable
btthyto.org,disposable
buccalmassage.ru,disposable
budaya-tionghoa.com,disposable
budayationghoa.com,disposable
buddyfly.top,disposable
buffemail.com,disposable
bugfoo.com,disposable
bugmenever.com,disposable
bugmenot.com,disposable
buhf95r.ddnsfree.com,disposable
bukanimers.com,disposable
bukatv8.com,disposable
bukhariansiddur.com,disposable
bulapolo.site,disposable
bullbaby.com,disposable
bulrushpress.com,disposable
bultoc.com,disposable
bum.net,disposable
bumail.site,disposable
bumpymail.com,disposable
bunchofidiots.com,disposable
bund.us,disposable
bundes-li.ga,disposable
bunmail.one,disposable
bunnyhub.space,disposable
bunsenhoneydew.com,disposable
burangir.com,disposable
burnermail.bond,disposable
burnermail.cyou,disposable
burnthespam.info,disposable
burry.eu.org,disposable
burstmail.info,disposable
busd-mmjd3.wiki,disposable
business-degree.live,disposable
businessbackend.com,disposable
businesssuccessislifesuccess.com,disposable
buspad.org,disposable
bussinesa.app,disposable
bussitussi.com,disposable
busyaz.tech,disposable
butteiumien.io.vn,disposable
buy-blog.com,disposable
buyapp.foo,disposable
buymoreplays.com,disposable
buyordie.info,disposable
buyreview.us,disposable
buyusdomain.com,disposable
buyusedlibrarybooks.org,disposable
buzzcluby.com,disposable
buzzcut.ws,disposable
bwm.de5.net,disposable
bwmyga.com,disposable
bx52ff4a.shop,disposable
byagu.com,disposable
byconf.com,disposable
byebyemail.com,disposable
byespm.com,disposable
byiepsxqu.top,disposable
byjkprh.top,disposable
byom.de,disposable
bytedigi.com,disposable
bytonf.com,disposable
bznrehk.giize.com,disposable
bzvrxf8.ooguy.com,disposable
c-eric.fr.nf,disposable
c-newstv.ru,disposable
c-pkk.icu,disposable
c-tta.top,disposable
c14.mobi,disposable
c1ph3r.xyz,disposable
c28.mobi,disposable
c4.fr,disposable
c4pro.uk,disposable
c51vsgq.com,disposable
caainpt.com,disposable
cabiste.fr.nf,disposable
cachedot.net,disposable
cade.org.uk,disposable
cafesui.com,disposable
caftee.com,disposable
caigq.qzz.io,disposable
caldrexa.cfd,disposable
calendro.fr.nf,disposable
california.edu.pl,disposable
californiafitnessdeals.com,disposable
calima.asso.st,disposable
calmriver.info,disposable
calvarystreetisa.org,disposable
cam4you.cc,disposable
cameltok.com,disposable
camera47.net,disposable
cameraity.com,disposable
camping-grill.info,disposable
cancer-treatment.xyz,disposable
candassociates.com,disposable
candymail.de,disposable
cane.pw,disposable
canfga.org,disposable
cangcud.com,disposable
cangcutku.pro,disposable
cantozil.com,disposable
canvect.com,disposable
caowo.online,disposable
capct.id,disposable
capcud.shop,disposable
capcut.digital,disposable
capcut.sbs,disposable
capcut.space,disposable
capcut02.shop,disposable
capcutku.io,disposable
capcutmeflo.shop,disposable
capcutmm.shop,disposable
capcutpro.click,disposable
capcutpro.dev,disposable
capcvt.es,disposable
capitalistdilemma.com,disposable
caprasolver.xyz,disposable
captus.cyou,disposable
caqcut.top,disposable
car101.pro,disposable
carbtc.net,disposable
care-breath.com,disposable
caregradeguard.com,disposable
carpin.org,disposable
cars2.club,disposable
carsencyclopedia.com,disposable
cartelera.org,disposable
caseedu.tk,disposable
cashflow35.co,disposable
cashflow35.com,disposable
casterview.xyz,disposable
casualdx.com,disposable
catfie.app,disposable
catgroup.uk,disposable
catsredeem.com,disposable
catterickgarrisonfootballcentre.uk,disposable
cauterize.top,disposable
cavi.mx,disposable
caye.org.uk,disposable
cazlg.com,disposable
cbair.com,disposable
cbasosbr.top,disposable
cbdol.mx,disposable
cbes.net,disposable
cbsbada.com,disposable
cbty.ru,disposable
cbty.store,disposable
cbvl.co.uk,disposable
cc17.name.ng,disposable
cc18.name.ng,disposable
cc3.name.ng,disposable
cc6.name.ng,disposable
cc8c1bd6.abrdns.com,disposable
ccategoryk.com,disposable
ccimran.buzz,disposable
cckuy.com,disposable
ccm8klz.camdvr.org,disposable
ccmail.uk,disposable
ccqu.top,disposable
ccsuncare.com,disposable
cctc.fashion,disposable
cctoolz.com,disposable
ccwc.fashion,disposable
ccxiao.cn,disposable
cczc.fashion,disposable
cdfaq.com,disposable
cdlpvt3.mywire.org,disposable
cdnmia.com,disposable
cdnripple.com,disposable
cdpa.cc,disposable
cdxugmy.top,disposable
ceed.se,disposable
cek.pm,disposable
cellurl.com,disposable
cengrop.com,disposable
centermail.com,disposable
centermail.net,disposable
certexx.fr.nf,disposable
certificenter.com,disposable
certve.com,disposable
cetpass.com,disposable
cfo2go.ro,disposable
cg0gcab.mywire.org,disposable
cggup.com,disposable
ch.ma,disposable
chacuo.net,disposable
chahcyrans.com,disposable
chaichuang.com,disposable
chaineor.com,disposable
chalupaurybnicku.cz,disposable
chamconnho.com,disposable
chammy.info,disposable
chanceforfuture.org,disposable
chansd.com,disposable
chantellegribbon.com,disposable
chaocosen.com,disposable
chapsmail.com,disposable
charityrcao.org.uk,disposable
charl.us,disposable
chasefreedomactivate.com,disposable
chatclaude.top,disposable
chatgptmail.shop,disposable
chatgptuk.pp.ua,disposable
chatgtporg.eu.cc,disposable
chatich.com,disposable
chatworkstation.com,disposable
chaublog.com,disposable
chauhuy.click,disposable
chauhuy.io.vn,disposable
chauhuy.online,disposable
chauhuy.site,disposable
chautuyen.click,disposable
chautuyen.io.vn,disposable
chautuyen.online,disposable
cheaphub.net,disposable
cheapmori.store,disposable
cheatmail.de,disposable
chefalicious.com,disposable
cheminsdevie.ink,disposable
chenbot.email,disposable
chenbufan.top,disposable
chessgameland.com,disposable
chessgamingworld.com,disposable
chestcloudx.com,disposable
chewydonut.com,disposable
chibakenma.ml,disposable
chickenkiller.com,disposable
chielo.com,disposable
childrenth.com,disposable
childsavetrust.org,disposable
chilkat.com,disposable
chillart.org,disposable
chilloliandfii.space,disposable
chinamkm.com,disposable
chingchongme.site,disposable
chithinh.com,disposable
chitthi.in,disposable
choco.la,disposable
chogmail.com,disposable
choicemail1.com,disposable
choichay.com,disposable
choigi.com,disposable
chomolokko.shop,disposable
choner.cn,disposable
choner.shop,disposable
chong-mail.com,disposable
chong-mail.net,disposable
chong-mail.org,disposable
chongqilai.cc,disposable
chophim.com,disposable
chosenx.com,disposable
chotgo.com,disposable
chromentis.cfd,disposable
chsi.christmas,disposable
chuan.info,disposable
chumpstakingdumps.com,disposable
chundage.help,disposable
chupanhcuoidep.com,disposable
churchestate.org.uk,disposable
churchhousemanaton.co.uk,disposable
churchinsouthampton.org.uk,disposable
cigar-auctions.com,disposable
cihai.eu.cc,disposable
cihaifhqo.eu.cc,disposable
cihuy.net,disposable
cimario.com,disposable
cipcup.site,disposable
citmo.net,disposable
civikli.com,disposable
civx.org,disposable
cj4fj2a.camdvr.org,disposable
cjdeyuiw.eu.cc,disposable
ckaazaza.tk,disposable
cketrust.org,disposable
ckiso.com,disposable
ckvn.edu.vn,disposable
cl-cl.org,disposable
cl0ne.net,disposable
claimab.com,disposable
clandest.in,disposable
classesmail.com,disposable
classio.click,disposable
claudd.com,disposable
claverfield.org,disposable
cleaninbox.dynv6.net,disposable
clearbeam.pro,disposable
clearhabitpath.com,disposable
clearwatermail.info,disposable
clfapqg.theworkpc.com,disposable
click-email.com,disposable
clickcore99.click,disposable
clickdeal.co,disposable
clipmail.eu,disposable
clixser.com,disposable
clockemail.com,disposable
clone21.io.vn,disposable
cloneemail.com,disposable
clonehv.com,disposable
clonekhoe.com,disposable
clonemailsieure.com,disposable
clonemoi.tk,disposable
clonenpa.com,disposable
clonere.net,disposable
clonetrust.com,disposable
cloud-mail.top,disposable
cloud-temp.com,disposable
cloudflare.gay,disposable
cloudgen.world,disposable
cloudgue.site,disposable
cloudsign.in,disposable
cloudtempmail.net,disposable
cloudwhitespace.cc.cd,disposable
cloudwhitezone.cc.cd,disposable
cloudyourfast.net,disposable
clousy.site,disposable
clout.wiki,disposable
clowmail.com,disposable
clrmail.com,disposable
club106.org.uk,disposable
clx0vq5.kozow.com,disposable
clyvantis.cfd,disposable
cmail.blog,disposable
cmail.club,disposable
cmail.com,disposable
cmail.net,disposable
cmail.org,disposable
cmbl.top,disposable
cmcc.indevs.in,disposable
cmdkl.com,disposable
cmhvzylmfc.com,disposable
cnamed.com,disposable
cndps.com,disposable
cnebw.eu.cc,disposable
cneemail.com,disposable
cnew.ir,disposable
cnieux.com,disposable
cnmsg.net,disposable
cnoilpress.com,disposable
cnsds.de,disposable
co.cc,disposable
coasah.com,disposable
cobal.infos.st,disposable
cobarekyo1.ml,disposable
cocoro.uk,disposable
cocovpn.com,disposable
code-gmail.com,disposable
codeandscotch.com,disposable
codeguard.net,disposable
codei.site,disposable
coderdir.com,disposable
codestar.site,disposable
codesuc.top,disposable
codexrip.vip,disposable
coding.ccwu.cc,disposable
codinggo.cn,disposable
codivide.com,disposable
codywon.top,disposable
codzy.net,disposable
coffeeazzan.com,disposable
coffeejadore.com,disposable
coffeetimer24.com,disposable
cogsapb.ddnsfree.com,disposable
coieo.com,disposable
coin-host.net,disposable
coinlink.club,disposable
cok.org.uk,disposable
colabeta.com,disposable
colaname.com,disposable
coldemail.info,disposable
collegewh.edu.pl,disposable
colorcastmail.com,disposable
colurmish.com,disposable
cometclear.com,disposable
comfythings.com,disposable
compareshippingrates.org,disposable
completegolfswing.com,disposable
compressjpg.io,disposable
comwest.de,disposable
comyze.org,disposable
concu.net,disposable
conf.work,disposable
confmin.com,disposable
congacone312.shop,disposable
congnguyen.io.vn,disposable
connected.linkpc.net,disposable
connectifyhub.sbs,disposable
connho.com,disposable
connho.net,disposable
consumerriot.com,disposable
contaco.org,disposable
contact.infos.st,disposable
contactbox.work,disposable
contactpage.online,disposable
contbay.com,disposable
convergenceindia.co.in,disposable
coocuuu.food,disposable
cood.food,disposable
cooh-2.site,disposable
cookie007.fr.nf,disposable
coolandwacky.us,disposable
coolimpool.org,disposable
cooljump.org,disposable
copyhome.win,disposable
coralhost.my,disposable
corbyrise.com,disposable
coreclip.com,disposable
corhash.net,disposable
cornwallaerospaceeducationtrust.org,disposable
corridor.bond,disposable
cosdas.com,disposable
cosmorph.com,disposable
cosoinan.com,disposable
cosycritters.co.uk,disposable
cotasen.com,disposable
cotigz.com,disposable
courriel.fr.nf,disposable
courrieltemporaire.com,disposable
cousinment.com,disposable
covisuki.icu,disposable
coza.ro,disposable
cozilla.pw,disposable
cpc.cx,disposable
cqwbn.com,disposable
crankhole.com,disposable
crapmail.org,disposable
crastination.de,disposable
craventry.cfd,disposable
crazespaces.pw,disposable
crazymailing.com,disposable
crczrsxls.top,disposable
cream.pink,disposable
creative.publicvm.com,disposable
credit-loans.xyz,disposable
crepeau12.com,disposable
cresvyn.cfd,disposable
creteanu.com,disposable
crgjw3a.giize.com,disposable
cringemonster.com,disposable
crogra.org,disposable
cross-law.ga,disposable
cross-law.gq,disposable
cross.edu.pl,disposable
crossmailjet.com,disposable
crossroadsmail.com,disposable
crunchcompass.com,disposable
cruncoau.asia,disposable
crusthost.com,disposable
crybio.com,disposable
cryptoavalonsolhub.cloud,disposable
cryptogmail.com,disposable
cs.email,disposable
csapi.dpdns.org,disposable
csh.ro,disposable
cslua.com,disposable
cspaus.com,disposable
cszbl.com,disposable
ctmailing.us,disposable
ctos.ch,disposable
cttnoot.us,disposable
cu.cc,disposable
cuahangvppn.shop,disposable
cuaks.fun,disposable
cubene.com,disposable
cubiclink.com,disposable
cucadas.com,disposable
cuendita.com,disposable
cuirushi.org,disposable
cumnnm.us.ci,disposable
cunan.store,disposable
cuoly.com,disposable
cuongaquarium.com,disposable
cupbest.com,disposable
curlhph.tk,disposable
currentmail.com,disposable
curryworld.de,disposable
cursor13402.xyz,disposable
cuscuscuspen.life,disposable
cust.in,disposable
cutefrogs.xyz,disposable
cutevi.us,disposable
cutout.club,disposable
cutradition.com,disposable
cutsup.com,disposable
cutuvye.org,disposable
cuvox.de,disposable
cuvrs.info,disposable
cwetg.co.uk,disposable
cxbl.top,disposable
cxioms.help,disposable
cxwet.com,disposable
cyber-innovation.club,disposable
cyber-phone.eu,disposable
cyberionexus.shop,disposable
cybertemp.cfd,disposable
cybertemp.xyz,disposable
cycinst.com,disposable
cyclelove.cc,disposable
cyjd.top,disposable
cykr.beer,disposable
cylab.org,disposable
cyln.beer,disposable
cypi.fr,disposable
czx.one,disposable
d1yun.com,disposable
d3p.dk,disposable
d4ngerssquy.info,disposable
d8tiya6.camdvr.org,disposable
daabox.com,disposable
dab.ro,disposable
dacoolest.com,disposable
dadaolibai.eu.cc,disposable
daemonixgames.com,disposable
daemsteam.com,disposable
daerdy.com,disposable
dahewushi.eu.cc,disposable
daibb.us,disposable
daibond.info,disposable
daily-email.com,disposable
dailynove.com,disposable
dailynutria.com,disposable
daimuedu.com,disposable
daintly.com,disposable
dakaka.org,disposable
dalanshu.org,disposable
damai.webcam,disposable
dammexe.net,disposable
damnthespam.com,disposable
damowang.eu.cc,disposable
dandikmail.com,disposable
dann.mywire.org,disposable
dantriviet.shop,disposable
dao.pp.ua,disposable
daouse.com,disposable
dapdigital.site,disposable
dapurx.me,disposable
dardr.com,disposable
darkharvestfilms.com,disposable
darkserver.ru,disposable
daryxfox.net,disposable
dasdasdascyka.tk,disposable
dash-pads.com,disposable
dataarca.com,disposable
datadudi.com,disposable
datapinacle.com,disposable
datarca.com,disposable
datazo.ca,disposable
datchuban.top,disposable
datdonshopee.site,disposable
datenschutz.ru,disposable
datgemini.io.vn,disposable
datprovn.io.vn,disposable
datprovnn.io.vn,disposable
datum2.com,disposable
daugr.com,disposable
dautubds.io.vn,disposable
davidkoh.net,disposable
davidlcreative.com,disposable
davidtrix.biz,disposable
dawin.com,disposable
dawnwick.org,disposable
dawsoncountygunclub.org,disposable
dawushihe.eu.cc,disposable
dawushihehe.eu.cc,disposable
dayizhan.top,disposable
daymail.life,disposable
daymailonline.com,disposable
dayrep.com,disposable
dbmail.one,disposable
dboso.com,disposable
dboxmail.com,disposable
dbunker.com,disposable
dcctb.com,disposable
dcemail.com,disposable
dcpa.net,disposable
dd2car.com,disposable
ddat0511.click,disposable
ddcrew.com,disposable
ddfd.fashion,disposable
ddsdg34.abrdns.com,disposable
de-a.org,disposable
dea-21olympic.com,disposable
deadaddress.com,disposable
deadchildren.org,disposable
deadfake.cf,disposable
deadfake.ga,disposable
deadfake.ml,disposable
deadfake.tk,disposable
deadspam.com,disposable
deagot.com,disposable
deajeng.store,disposable
dealja.com,disposable
deallabs.org,disposable
dealrek.com,disposable
deapad.com,disposable
debitur.cam,disposable
decep.com,disposable
decodewp.com,disposable
decornido.com,disposable
dede.infos.st,disposable
deekayen.us,disposable
deenur.com,disposable
deepconverts.com,disposable
deepmails.org,disposable
deepmaster.fun,disposable
deepneko.xyz,disposable
deepyinc.com,disposable
defomail.com,disposable
degap.fr.nf,disposable
degar.xyz,disposable
degradedfun.net,disposable
dehaopay.com,disposable
deinbox.com,disposable
deisgn-ai.work.gd,disposable
delaeb.com,disposable
delayload.com,disposable
delayload.net,disposable
delikkt.de,disposable
delivrmail.com,disposable
delorex.com,disposable
deltajohnsons.com,disposable
deluxmail.com,disposable
delvionis.cfd,disposable
demen.ml,disposable
dengekibunko.ga,disposable
dengekibunko.gq,disposable
dengekibunko.ml,disposable
denipl.com,disposable
denipl.net,disposable
dentaguardmouthguard.com,disposable
deornaumail.com,disposable
depdocla.net,disposable
der-kombi.de,disposable
derkombi.de,disposable
derluxuswagen.de,disposable
desertsundesigns.com,disposable
desfrenes.fr.nf,disposable
deshnetarchadacalculator.one,disposable
designhta.work.gd,disposable
desmond.eu.cc,disposable
desoz.com,disposable
despam.it,disposable
despammed.com,disposable
dev-null.cf,disposable
dev-null.ga,disposable
dev-null.gq,disposable
dev-null.ml,disposable
dev17.tech,disposable
devbike.com,disposable
developermail.com,disposable
developtool.app,disposable
devh24.online,disposable
devnullmail.com,disposable
devsonline.studio,disposable
devthien.io.vn,disposable
deyom.com,disposable
dfghjertyh.dynv6.net,disposable
dfyuih.eu.cc,disposable
dgdf.cc,disposable
dghdfjfd.eu.cc,disposable
dh372.top,disposable
dharmatel.net,disposable
dheiwuy.eu.cc,disposable
dhm.ro,disposable
dhnow.com,disposable
dhoahn.eu.cc,disposable
dhy.cc,disposable
dialogus.com,disposable
diapaulpainting.com,disposable
dichvuxe24h.com,disposable
dicopto.com,disposable
diddyricky.com,disposable
diddyricky.fr,disposable
diddyricky.info,disposable
diddyricky.store,disposable
diemhenvn.com,disposable
digdig.org,disposable
digi-value.fr,disposable
digial.jo3.org,disposable
digibeast.my,disposable
digibeast.store,disposable
digimaster.bond,disposable
digimaster.eu.cc,disposable
diginey.com,disposable
digital-message.com,disposable
digitaldesign.run.place,disposable
digitalesbusiness.info,disposable
digitalmail.info,disposable
digitalmariachis.com,disposable
digitalsanctuary.com,disposable
digitecy.live,disposable
dildoe.cfd,disposable
dildosfromspace.com,disposable
dim-coin.com,disposable
dimalk.com,disposable
dingbone.com,disposable
dinlaan.site,disposable
dino.icu,disposable
diolang.com,disposable
diplom-voronesh.ru,disposable
directmail24.net,disposable
dis.hopto.org,disposable
disaq.com,disposable
disbox.net,disposable
disbox.org,disposable
discard.cf,disposable
discard.email,disposable
discard.ga,disposable
discard.gq,disposable
discard.ml,disposable
discard.tk,disposable
discardmail.com,disposable
discardmail.de,disposable
discos4.com,disposable
dishcatfish.com,disposable
disign-concept.eu,disposable
disign-revelation.com,disposable
dispo.in,disposable
dispomail.eu,disposable
disposable-e.ml,disposable
disposable-email.ml,disposable
disposable.cf,disposable
disposable.ga,disposable
disposable.ml,disposable
disposable.site,disposable
disposableaddress.com,disposable
disposableemailaddresses.com,disposable
disposableinbox.com,disposable
disposablemails.com,disposable
dispose.it,disposable
disposeamail.com,disposable
disposely.xyz,disposable
disposemail.com,disposable
disposemymail.com,disposable
disposly.com,disposable
dispostable.com,disposable
divad.ga,disposable
divermail.com,disposable
divismail.ru,disposable
diwaq.com,disposable
dixz.net,disposable
diyongjin.net,disposable
dizigg.com,disposable
djiv.xyz,disposable
djwekih.eu.cc,disposable
dkz.opik.net,disposable
dldweb.info,disposable
dlemail.ru,disposable
dmail.one,disposable
dmarc.ro,disposable
dmcelements.org,disposable
dmts.fr.nf,disposable
dmxs8.com,disposable
dndent.com,disposable
dnkah.eu.cc,disposable
dns.army,disposable
dns.navy,disposable
dnsclick.com,disposable
dnses.ro,disposable
dnslog.tech,disposable
doanart.com,disposable
doantotnghiep.com,disposable
dob.jp,disposable
docash.app,disposable
docbao7.com,disposable
docse.site,disposable
dodgeit.com,disposable
dodgemail.de,disposable
dodgit.com,disposable
dodgit.org,disposable
dodsi.com,disposable
dogai.qzz.io,disposable
dogclothing.org,disposable
dogking.dpdns.org,disposable
dogmrp.com,disposable
dohoanganh.site,disposable
doiea.com,disposable
doj.one,disposable
dolofan.com,disposable
dolphinnet.net,disposable
domforfb1.tk,disposable
domforfb18.tk,disposable
domforfb19.tk,disposable
domforfb2.tk,disposable
domforfb23.tk,disposable
domforfb27.tk,disposable
domforfb29.tk,disposable
domforfb3.tk,disposable
domforfb4.tk,disposable
domforfb5.tk,disposable
domforfb6.tk,disposable
domforfb7.tk,disposable
domforfb8.tk,disposable
domforfb9.tk,disposable
domozmail.com,disposable
don.edu.pl,disposable
dona.one,disposable
dona.pw,disposable
dona.rip,disposable
donebyngle.com,disposable
donemail.my.id,disposable
donemail.ru,disposable
dongqing365.com,disposable
donkicode.top,disposable
dontreg.com,disposable
dontsendmespam.de,disposable
dontsleep404.com,disposable
donusumekatil.com,disposable
doobb.com,disposable
doojazz.com,disposable
doquier.tk,disposable
doreact.com,disposable
dorothyfoundation.org,disposable
doszo.qzz.io,disposable
dotapodemail.com,disposable
dotman.de,disposable
dotmsg.com,disposable
dotool8.top,disposable
dotos.dev,disposable
dotslashrage.com,disposable
dotvu.net,disposable
dotzi.net,disposable
doublemail.de,disposable
douchelounge.com,disposable
doudizhu.top,disposable
doulas.org,disposable
downloadigpost.com,disposable
downloadvideoig.app,disposable
dozvon-spb.ru,disposable
dp76.com,disposable
dpfrufiwo.top,disposable
dpmstore.id.vn,disposable
dpmurt.my,disposable
dpptd.com,disposable
dprasu.sbs,disposable
dr69.site,disposable
dramamixio.icu,disposable
draughtier.com,disposable
drdrb.com,disposable
drdrb.net,disposable
dreamadventure.org,disposable
dreamclarify.org,disposable
dreameg.com,disposable
dreamgreen.fr.nf,disposable
dred.ru,disposable
drevo.si,disposable
drewzen.com,disposable
driftz.net,disposable
drimex.cfd,disposable
dripzgaming.com,disposable
drivetagdev.com,disposable
drivz.net,disposable
drmail.in,disposable
droggo.engineer,disposable
droolingfanboy.de,disposable
dropcake.de,disposable
dropinboxes.com,disposable
dropjar.com,disposable
droplar.com,disposable
dropmail.me,disposable
dropons.com,disposable
dropsin.net,disposable
drovantis.cfd,disposable
drovenix.cfd,disposable
drowblock.com,disposable
drugsellers.com,disposable
druzik.pp.ua,disposable
dsfsfdsfds.shop,disposable
dsgvo.party,disposable
dsgvo.ru,disposable
dshfjdafd.cloud,disposable
dshznonline.cc,disposable
dsiay.com,disposable
dsitip.com,disposable
dspwebservices.com,disposable
dswe-56f.xyz,disposable
dtvpn.dpdns.org,disposable
duam.net,disposable
dubokutv.com,disposable
duck2.club,disposable
duckyoursick.com,disposable
ducpham.id.vn,disposable
dudmail.com,disposable
dugmail.com,disposable
duidir.com,disposable
duk33.com,disposable
dukedish.com,disposable
dukunmodern.id,disposable
dulich360.com,disposable
dulich84.com,disposable
dulichdatlanh.com,disposable
dulichdatlanh.vn,disposable
dulieu.io.vn,disposable
dumalu.com,disposable
dumbass.nl,disposable
dump-email.info,disposable
dumpandjunk.com,disposable
dumpmail.de,disposable
dumpyemail.com,disposable
dunamispfm.org,disposable
dunkos.xyz,disposable
durandinterstellar.com,disposable
duskmail.com,disposable
dusrui.com,disposable
dustinry.com,disposable
duvips.com,disposable
duya25446.top,disposable
duyquyen.site,disposable
dv2.host,disposable
dvaren.online,disposable
dvdpit.com,disposable
dwarfmining.com,disposable
dwiworka.pro,disposable
dwse.edu.pl,disposable
dwseal.com,disposable
dyceroprojects.com,disposable
dyclsr.xyz,disposable
dyebkj.eu.cc,disposable
dyera.studio,disposable
dyfgiavcrw.eu.cc,disposable
dygovil.com,disposable
dymarent.cfd,disposable
dynarix.cfd,disposable
dz17.net,disposable
dzntn.io.vn,disposable
dztyhd.cn,disposable
e-mail.com,disposable
e-mail.org,disposable
e-marketstore.ru,disposable
e-pool.co.uk,disposable
e-pool.uk,disposable
e-postkasten.de,disposable
e-record.com,disposable
e-tomarigi.com,disposable
e3z.de,disposable
e4ward.com,disposable
e6hoohs.camdvr.org,disposable
eacademia.uk,disposable
ealea.fr.nf,disposable
eanok.com,disposable
eartin.net,disposable
ease.es,disposable
eastcombe.org,disposable
easy-trash-mail.com,disposable
easygbd.com,disposable
easyhomefit.com,disposable
easymailer.live,disposable
easymails.cc,disposable
easynetwork.info,disposable
easytrashmail.com,disposable
eatmea2z.club,disposable
eay.jp,disposable
ebar.site,disposable
ebbob.com,disposable
ebeschlussbuch.de,disposable
eby9h2m.giize.com,disposable
ecallheandi.com,disposable
eckpcin.giize.com,disposable
ecolo-online.fr,disposable
ecoverseworld.com,disposable
ecstor.com,disposable
edankeunwe.site,disposable
edgepodlab.com,disposable
edgetopgrid.com,disposable
edgex.ru,disposable
edinburgh-airporthotels.com,disposable
edmondventures.com,disposable
edny.net,disposable
edshol.net,disposable
edu-qin.ccwu.cc,disposable
education.nyc.mn,disposable
edudingy.cfd,disposable
eduip.eu.org,disposable
edumail.edu.pl,disposable
edumail.edu.rs,disposable
edumaili.com,disposable
edumaili.edu.pl,disposable
edumaill.edu.pl,disposable
edupolska.edu.pl,disposable
edv.to,disposable
ee1.pl,disposable
ee2.pl,disposable
eeedv.de,disposable
eelmail.com,disposable
eelraodo.com,disposable
eemail.eu.cc,disposable
een4dnt.ooguy.com,disposable
eewmaop.com,disposable
efdsdsdw.cloud-ip.cc,disposable
effobe.com,disposable
efxs.ca,disposable
egg5233.com,disposable
egg5233.one,disposable
eggbanjos.org,disposable
eggso.click,disposable
eggsuwz.ooguy.com,disposable
eggur.com,disposable
egirl.help,disposable
egvoo.com,disposable
egzones.com,disposable
einmalmail.de,disposable
einrot.com,disposable
einrot.de,disposable
eintagsmail.de,disposable
einzieg.site,disposable
eiveg.com,disposable
ekot.xyz,disposable
elafans.com,disposable
eldobhato-level.hu,disposable
elearningjournal.org,disposable
electro.mn,disposable
electrochillplanet.com,disposable
electrolabx.com,disposable
elerso.com,disposable
eligou.store,disposable
elitepixels.store,disposable
elitevipatlantamodels.com,disposable
elixora.cfd,disposable
eljawir.com,disposable
elki-mkzn.ru,disposable
elobits.com,disposable
elondonteam.work.gd,disposable
elpisproject.org,disposable
elumetra.cfd,disposable
elygifts.com,disposable
emaii.io.vn,disposable
email-68.com,disposable
email-fake.cf,disposable
email-fake.com,disposable
email-fake.ga,disposable
email-fake.gq,disposable
email-fake.ml,disposable
email-fake.tk,disposable
email-free.online,disposable
email-jetable.fr,disposable
email-lab.com,disposable
email-temp.com,disposable
email.edu.pl,disposable
email.net,disposable
email1.pro,disposable
email10p.org,disposable
email60.com,disposable
email84.com,disposable
emailabox.pro,disposable
emailage.cf,disposable
emailage.ga,disposable
emailage.gq,disposable
emailage.ml,disposable
emailage.tk,disposable
emailaoa.pro,disposable
emailasia1.com,disposable
emailate.com,disposable
emailawb.pro,disposable
emailax.pro,disposable
emailbbox.pro,disposable
emailbin.net,disposable
emailboxer.one,disposable
emailcbox.pro,disposable
emailcoffeehouse.com,disposable
emailcu.icu,disposable
emaildark.fr.nf,disposable
emaildbox.pro,disposable
emaildienst.de,disposable
emaildrop.io,disposable
emailfake.com,disposable
emailfake.ml,disposable
emailforyou.info,disposable
emailfoxi.pro,disposable
emailfreedom.ml,disposable
emailgen.uk,disposable
emailgenerator.de,disposable
emailgo.de,disposable
emailgratisan.fun,disposable
emailhook.site,disposable
emailias.com,disposable
emailigo.de,disposable
emailinbo.live,disposable
emailinfive.com,disposable
emailisvalid.com,disposable
emailjps.com,disposable
emailkp.com,disposable
emaillime.com,disposable
emailluu.asia,disposable
emailmiser.com,disposable
emailmuaqat.shop,disposable
emailna.co,disposable
emailnator.com,disposable
emailnax.com,disposable
emailnow.net,disposable
emailnow.one,disposable
emailo.pro,disposable
emailondeck.com,disposable
emailplay.org,disposable
emailportal.info,disposable
emailproxsy.com,disposable
emailracc.com,disposable
emailresort.com,disposable
emailrod.com,disposable
emails.ga,disposable
emailsecurer.com,disposable
emailsensei.com,disposable
emailsingularity.net,disposable
emailspam.cf,disposable
emailspam.ga,disposable
emailspam.gq,disposable
emailspam.ml,disposable
emailspam.tk,disposable
emailsy.info,disposable
emailtech.info,disposable
emailtemporanea.com,disposable
emailtemporanea.net,disposable
emailtemporar.ro,disposable
emailtemporario.com.br,disposable
emailthe.net,disposable
emailtik.com,disposable
emailtmp.com,disposable
emailto.de,disposable
emailuae.com,disposable
emailure.net,disposable
emailvb.pro,disposable
emailviet.com,disposable
emailwarden.com,disposable
emailwww.pro,disposable
emailxfer.com,disposable
emaily.pro,disposable
emailz.cf,disposable
emailz.ga,disposable
emailz.gq,disposable
emailz.ml,disposable
emalupe.com,disposable
emaxasp.com,disposable
embege.xyz,disposable
embekhoe.com,disposable
emeil.in,disposable
emeil.ir,disposable
emeraldwebmail.com,disposable
emergencymail.site,disposable
emergentvillage.org,disposable
emkei.cf,disposable
emkei.ga,disposable
emkei.gq,disposable
emkei.ml,disposable
emkei.tk,disposable
eml.pp.ua,disposable
emlhot.com,disposable
emlhub.com,disposable
emlpro.com,disposable
emltmp.com,disposable
emocan.name.tr,disposable
empireanime.ga,disposable
empva.io.vn,disposable
empva1.com,disposable
empva1.io.vn,disposable
empva11.com,disposable
empva11.io.vn,disposable
emstjzh.com,disposable
emz.net,disposable
emziegz.com,disposable
enayu.com,disposable
end.tw,disposable
endingimpunity.com,disposable
endob.com,disposable
enitempmail.xyz,disposable
enotj.com,disposable
enowgntg.site,disposable
enspinner.com,disposable
enterto.com,disposable
envy17.com,disposable
eoffice.top,disposable
eoopy.com,disposable
eosada.com,disposable
eoslux.com,disposable
eoutrbl.com,disposable
ep77.com,disposable
epaco9t.loseyourip.com,disposable
epb.ro,disposable
epbox.ru,disposable
epbox.store,disposable
epetsoft.com,disposable
ephemail.net,disposable
ephemeral.email,disposable
eposta.buzz,disposable
eposta.work,disposable
epostal.ru,disposable
epostal.store,disposable
epsteinisland.click,disposable
epurcf.org,disposable
eqiluxspam.ga,disposable
equivara.cfd,disposable
erahods.com,disposable
ereplyzy.com,disposable
ericjohnson.ml,disposable
eripo.net,disposable
ernestturcotte.us,disposable
ero-tube.org,disposable
erth.nl,disposable
esadverse.com,disposable
esbano-ru.ru,disposable
esc.la,disposable
escapehatchapp.com,disposable
esemay.com,disposable
esgeneri.com,disposable
eshimod.com,disposable
esiix.com,disposable
esprity.com,disposable
estate-invest.fr,disposable
esterace.com,disposable
estrowebservices.com,disposable
etempmail.net,disposable
etenx.com,disposable
eth2btc.info,disposable
ether123.net,disposable
ethereum1.top,disposable
ethersports.org,disposable
ethersportz.info,disposable
etickethelpdesk.net,disposable
etics.us,disposable
etotvibor.ru,disposable
etquakemultimedia.com,disposable
etramay.com,disposable
etranquil.com,disposable
etranquil.net,disposable
etranquil.org,disposable
etubemail.com,disposable
etzg.de5.net,disposable
euaqa.com,disposable
euleina.com,disposable
eulercraft.com,disposable
euroallsports.org.uk,disposable
eurokool.com,disposable
euucn.com,disposable
evairo.fun,disposable
evairo.web.id,disposable
evanfox.info,disposable
eve.dpdns.org,disposable
eveav.com,disposable
evilcomputer.com,disposable
evilgodshop.uk,disposable
evnft.com,disposable
evomiserver.com,disposable
evontra.cfd,disposable
evopo.com,disposable
evusd.com,disposable
evvgo.com,disposable
evyush.com,disposable
ewebrus.com,disposable
exahut.com,disposable
examcentral.co.uk,disposable
examstudy.xyz,disposable
exbts.com,disposable
exclussi.com,disposable
exdonuts.com,disposable
exelica.com,disposable
exespay.com,disposable
exhaycle.com,disposable
exile.my.id,disposable
existiert.net,disposable
exitbit.com,disposable
exitstageleft.net,disposable
exkucn.ccwu.cc,disposable
exmab.com,disposable
expiredtoaster.org,disposable
explodemail.com,disposable
expltain.com,disposable
express.net.ua,disposable
extracurricularsociety.com,disposable
extraku.com,disposable
extraku.net,disposable
extraku.shop,disposable
extremail.ru,disposable
extrset.com,disposable
exweme.com,disposable
exzork.sbs,disposable
ey-hungry.top,disposable
eycfhb.com,disposable
eyee.eu.cc,disposable
eyepaste.com,disposable
eynlong.com,disposable
ez.lv,disposable
ezai.chat,disposable
ezehe.com,disposable
ezfill.com,disposable
ezimb.com,disposable
ezonemail.com,disposable
ezstest.com,disposable
ezua.com,disposable
ezztt.com,disposable
f1b.email,disposable
f1b.vn,disposable
f2b.click,disposable
f2b.email,disposable
f2b.info,disposable
f2b.site,disposable
f2b.tech,disposable
f2b.tokyo,disposable
f2b.vn,disposable
f2c.email,disposable
f2c.host,disposable
f2c.me,disposable
f2c.mobi,disposable
f2c.press,disposable
f2d.click,disposable
f2d.info,disposable
f2d.life,disposable
f2d.pro,disposable
f2e.click,disposable
f2e.email,disposable
f2e.pro,disposable
f2e.pw,disposable
f2e.world,disposable
f2f.email,disposable
f2f.pw,disposable
f3p.io.vn,disposable
f4k.es,disposable
f4wxmpu.kozow.com,disposable
f5p0y90.ooguy.com,disposable
f5v7u9a.ddnsfree.com,disposable
f6z6ica.camdvr.org,disposable
fabaos.com,disposable
facebook-email.cf,disposable
facebook-email.ga,disposable
facebook-email.ml,disposable
facebookmail.gq,disposable
facebookmail.ml,disposable
facemac.website,disposable
fackme.gq,disposable
fadingemail.com,disposable
fadsfdsfaa.indevs.in,disposable
faecesmail.me,disposable
fafa.beer,disposable
fag.wf,disposable
failbone.com,disposable
faithkills.com,disposable
faizasoft.com,disposable
fake-box.com,disposable
fake-email.pp.ua,disposable
fake-mail.cf,disposable
fake-mail.ga,disposable
fake-mail.ml,disposable
fakedemail.com,disposable
fakeinbox.cf,disposable
fakeinbox.com,disposable
fakeinbox.ga,disposable
fakeinbox.info,disposable
fakeinbox.ml,disposable
fakeinbox.tk,disposable
fakeinformation.com,disposable
fakemail.fr,disposable
fakemail.io,disposable
fakemail.net,disposable
fakemailgenerator.com,disposable
fakemailz.com,disposable
falconryadventurecentreofeducation.com,disposable
fallinhay.com,disposable
famamail.com,disposable
fammix.com,disposable
fanclub.pm,disposable
fandoe.com,disposable
fangoh.com,disposable
fangxiaobai.us.ci,disposable
fangxiaobai1.us.ci,disposable
fanicle.com,disposable
fansworldwide.de,disposable
fantastu.com,disposable
fantasy139.icu,disposable
fantasymail.de,disposable
fantatua.com,disposable
fanymail.com,disposable
fanzher.com,disposable
farah.rip,disposable
farouter.tech,disposable
farrse.co.uk,disposable
fasl4kas3.site,disposable
fasssd.ru,disposable
fasssd.store,disposable
fast-email.info,disposable
fast-mail.fr,disposable
fastacura.com,disposable
fastchevy.com,disposable
fastchrysler.com,disposable
fasternet.biz,disposable
fastestflex.com,disposable
fastinbox.one,disposable
fastkawasaki.com,disposable
fastmail.edu.pl,disposable
fastmazda.com,disposable
fastmitsubishi.com,disposable
fastnissan.com,disposable
fastnodo.click,disposable
fastsearcher.com,disposable
fastsubaru.com,disposable
fastsuzuki.com,disposable
fasttoyota.com,disposable
fastyamaha.com,disposable
fatebd.com,disposable
fatflap.com,disposable
faxico.com,disposable
faxzu.com,disposable
faybetsy.com,disposable
fazka.ovh,disposable
fbb.cool,disposable
fbb.id.vn,disposable
fbb.io.vn,disposable
fbb.kim,disposable
fbb.linkpc.net,disposable
fbb.lu,disposable
fbb.vn,disposable
fbfbs.lol,disposable
fbhotro.com,disposable
fbi.one,disposable
fbins001mail.com,disposable
fbins607.com,disposable
fbkjlnry.top,disposable
fblgsl.cam,disposable
fbma.tk,disposable
fboxmail.com,disposable
fbviamail.com,disposable
fcetpkqwm.top,disposable
fddns.ml,disposable
fdfdsfds.com,disposable
fdfggh-df5.cc,disposable
fdger88.cc,disposable
fdhsui.eu.cc,disposable
fdmail.top,disposable
fdpbnzx.cn,disposable
fdsgsd.org,disposable
fdsregre.shop,disposable
fdvctte.info,disposable
featcore.com,disposable
fedayroi.online,disposable
feelmyheartwithsong.com,disposable
feiyujingxuan.top,disposable
femailtor.com,disposable
fengzheng.qzz.io,disposable
fenzhuai.top,disposable
fer-gabon.org,disposable
feralrex.com,disposable
ferd.live,disposable
ferdomnermail.com,disposable
feriwor.com,disposable
fermaxxi.ru,disposable
ferngrove.org,disposable
feroxid.com,disposable
fettometern.com,disposable
fexbox.org,disposable
fexbox.ru,disposable
fexpost.com,disposable
fextemp.com,disposable
ffps.fun,disposable
fft.edu.do,disposable
ffyf.fashion,disposable
fgmail.cyou,disposable
fgtygcop.store,disposable
fhoau.eu.cc,disposable
fhpfhp.fr.nf,disposable
fhwui.eu.cc,disposable
fhwyuoia.eu.cc,disposable
fiallaspares.com,disposable
fibmail.com,disposable
ficken.de,disposable
fictionsite.com,disposable
fidhost.com,disposable
fightallspam.com,disposable
fighthunger.co.uk,disposable
fightingzebras.org,disposable
figjs.com,disposable
figshot.com,disposable
figurescoin.com,disposable
fiifke.de,disposable
filbert4u.com,disposable
filberts4u.com,disposable
file2drive.com,disposable
filetodrive.com,disposable
film-blog.biz,disposable
filmla.org,disposable
filzmail.com,disposable
finacenter.com,disposable
findemail.info,disposable
findids.net,disposable
findize.com,disposable
findmeghana.org,disposable
findu.pl,disposable
finews.biz,disposable
fingso.com,disposable
finsmine.info,disposable
fir.hk,disposable
fira.my,disposable
firemail.com.br,disposable
firemailbox.club,disposable
firerocket.site,disposable
firstaidtrainingschool.co.uk,disposable
firstlawyer.org,disposable
fisdom.vip,disposable
fitbloomlab.com,disposable
fitnesrezink.ru,disposable
fivemail.de,disposable
fivermail.com,disposable
fixmail.tk,disposable
fizmail.com,disposable
fj7v67f.camdvr.org,disposable
fkainc.com,disposable
fknm8.mobi,disposable
flaimenet.ir,disposable
flameoflovedegree.com,disposable
flashemail.site,disposable
flatimostore.cloud,disposable
flavourity.com,disposable
flayeraaron.eu.cc,disposable
flayerhu.eu.cc,disposable
fleckens.hu,disposable
flemail.ru,disposable
flews.app,disposable
flexvio.com,disposable
fliegender.fish,disposable
flobo.fr.nf,disposable
flock84.uk,disposable
florevia.cfd,disposable
flosek.com,disposable
flowconnect.beer,disposable
flowu.com,disposable
flu.cc,disposable
fluidsoft.us,disposable
flurred.com,disposable
fly-ts.de,disposable
flyhubs.top,disposable
flyinggeek.net,disposable
flymail.tk,disposable
flyovertrees.com,disposable
flyspam.com,disposable
flywaverun.com,disposable
flyzy.net,disposable
fmuss.com,disposable
fncp.ru,disposable
fncp.store,disposable
fog.one,disposable
fommie.com,disposable
fommie.online,disposable
fommie.store,disposable
foobarbot.net,disposable
footard.com,disposable
foothilltoy.site,disposable
for4u.net,disposable
forapps.space,disposable
forbmmend.com,disposable
foreastate.com,disposable
forecastertests.com,disposable
foreskin.cf,disposable
foreskin.ga,disposable
foreskin.gq,disposable
foreskin.ml,disposable
foreskin.tk,disposable
forexnews.bg,disposable
forexru.com,disposable
forexzig.com,disposable
forge45k.io.vn,disposable
forgetmail.com,disposable
forgetmenotstudio.org.uk,disposable
formodapk.com,disposable
fornow.eu,disposable
forregmail.asia,disposable
forregmail.xyz,disposable
forspam.net,disposable
forum.nyc.mn,disposable
forward.cat,disposable
fosil.pro,disposable
foxja.com,disposable
foxnew.info,disposable
foxtrotter.info,disposable
fpgrabber.com,disposable
fpt-student-support.store,disposable
fr.cr,disposable
fr33mail.info,disposable
fragolina2.tk,disposable
frankhealeyfoundation.org,disposable
frapmail.com,disposable
frappina.tk,disposable
frederictonlawyer.com,disposable
free-email.cf,disposable
free-email.ga,disposable
free-temp-mail.eu.org,disposable
free-temp.net,disposable
freebabysittercam.com,disposable
freeblackbootytube.com,disposable
freecat.net,disposable
freecustom.email,disposable
freedom4you.info,disposable
freedomcentremereside.org,disposable
freedompop.us,disposable
freedrops.org,disposable
freefattymovies.com,disposable
freegrok.cc.cd,disposable
freehotmail.net,disposable
freeimagehosts.org,disposable
freeimghost.org,disposable
freeinbox.email,disposable
freelance-france.eu,disposable
freeletter.me,disposable
freemail.ms,disposable
freemails.cf,disposable
freemails.ga,disposable
freemails.ml,disposable
freemails.pp.ua,disposable
freemeil.ga,disposable
freemeil.gq,disposable
freemeil.ml,disposable
freeml.net,disposable
freeplumpervideos.com,disposable
freerubli.ru,disposable
freeschoolgirlvids.com,disposable
freesistercam.com,disposable
freesourcecodes.com,disposable
freeteenbums.com,disposable
freetimer.online,disposable
freundin.ru,disposable
friday12.store,disposable
friendlymail.co.uk,disposable
friendsofbram.com,disposable
frive.site,disposable
frm.ovh,disposable
front14.org,disposable
frostmail.fr.nf,disposable
frostypeak.info,disposable
fruitservice.xyz,disposable
frwdmail.com,disposable
frza.me,disposable
fsercure.online,disposable
fsitip.com,disposable
fsotl.icu,disposable
fthcapital.com,disposable
ftp.sh,disposable
ftpinc.ca,disposable
fuckedupload.com,disposable
fuckingduh.com,disposable
fucklinuxdo.com,disposable
fuckme69.club,disposable
fuckneo.org,disposable
fucknloveme.top,disposable
fuckxxme.top,disposable
fudgerub.com,disposable
fudier.com,disposable
fuirio.com,disposable
fuk996.icu,disposable
fukaru.com,disposable
fukurou.ch,disposable
fullangle.org,disposable
fulvie.com,disposable
fumemail.com,disposable
fun4k.com,disposable
fun64.com,disposable
fundapk.com,disposable
fundproceed.com,disposable
funnycodesnippets.com,disposable
funnyfail.app,disposable
funnylolcap.com,disposable
funnylolcap.fr,disposable
funnylolcap.org,disposable
funnylolcap.store,disposable
funnymail.abrdns.com,disposable
funnymail.de,disposable
funteka.com,disposable
furzauflunge.de,disposable
fusioninbox.com,disposable
futcost.online,disposable
futcost.ru,disposable
futuramind.com,disposable
fuvk.ru,disposable
fuvk.store,disposable
fuwa.be,disposable
fuwa.li,disposable
fuwamofu.com,disposable
fuwari.be,disposable
fux0ringduh.com,disposable
fviadropinbox.com,disposable
fviainboxes.com,disposable
fviamail.com,disposable
fviamail.work,disposable
fvz7wvh.ddnsfree.com,disposable
fxavaj.com,disposable
fxnxs.com,disposable
fxt.ink,disposable
fxtubes.com,disposable
fxxf.beer,disposable
fxzig.com,disposable
fyawmtu.camdvr.org,disposable
fycloud.online,disposable
fyeiwh.eu.cc,disposable
fyii.de,disposable
fynix.sbs,disposable
fyronex.cfd,disposable
g-mail.biz.id,disposable
g-mail.kr,disposable
g0pg02x.theworkpc.com,disposable
g14l71lb.com,disposable
g1xmail.top,disposable
g2xmail.top,disposable
g3xmail.top,disposable
g4hdrop.us,disposable
g947lzu.kozow.com,disposable
gacharevenue.cc,disposable
gafy.net,disposable
gagcalculator.me,disposable
gage.ga,disposable
gailiuzi.icu,disposable
gakhum.com,disposable
galaxim.fr.nf,disposable
galaxy.tv,disposable
galebird.cc.cd,disposable
gally.jp,disposable
gamadaiz.shop,disposable
gamail.top,disposable
gamapa.asia,disposable
gamebcs.com,disposable
gamegregious.com,disposable
gamen.me,disposable
gamepec.com,disposable
gamerai.shop,disposable
gamerai.space,disposable
gamerai.website,disposable
gamgling.com,disposable
gandobaba.bond,disposable
ganlin.shop,disposable
garasikita.pw,disposable
garbagecollector.org,disposable
garbagemail.org,disposable
gardenscape.ca,disposable
gardu.codes,disposable
garizo.com,disposable
garliclife.com,disposable
garod1.xyz,disposable
garrymccooey.com,disposable
gashoainam.io.vn,disposable
gassmail.com,disposable
gasuda.com,disposable
gav0.com,disposable
gavrom.com,disposable
gawab.com,disposable
gaxetovemail.com,disposable
gbcmail.win,disposable
gblw.site,disposable
gbmail.top,disposable
gcmail.top,disposable
gcpfas.shop,disposable
gcpmakerds.cyou,disposable
gcpowner.online,disposable
gcpripon.space,disposable
gcpriponteam.xyz,disposable
gcptoday.xyz,disposable
gdcrm.store,disposable
gddp2018.edu.vn,disposable
gdfgergrer.online,disposable
gdmail.top,disposable
gdqoe.net,disposable
gdxs.cc.cd,disposable
gear3.pro,disposable
gebrauchtwarencenter.com,disposable
gedmail.win,disposable
geekforex.com,disposable
geeksun.us.ci,disposable
geew.ru,disposable
gehensiemirnichtaufdensack.de,disposable
geldwaschmaschine.de,disposable
gelitik.in,disposable
gemapan.com,disposable
gemipro1.store,disposable
gemmarosefoundation.co.uk,disposable
gemniultra.me,disposable
gendeng.indevs.in,disposable
genderfuck.net,disposable
generator.email,disposable
generator1email.com,disposable
gentleinfopath.com,disposable
genzmaile.com,disposable
genzotp.com,disposable
genztrang.com,disposable
geometrics.icu,disposable
georgefletcher.org.uk,disposable
georgeheddon.co.uk,disposable
geronra.com,disposable
gerv.app,disposable
geschent.biz,disposable
get-mail.cf,disposable
get-mail.ga,disposable
get-mail.ml,disposable
get-mail.tk,disposable
get.pp.ua,disposable
get1mail.com,disposable
get2mail.fr,disposable
getai-hub.com,disposable
getairmail.cf,disposable
getairmail.com,disposable
getairmail.ga,disposable
getairmail.gq,disposable
getairmail.ml,disposable
getairmail.tk,disposable
getasail.com,disposable
getbloomdata.com,disposable
getbox89.xyz,disposable
geteit.com,disposable
getemail.space,disposable
getfun.men,disposable
getgptcode.com,disposable
getmail.my.id,disposable
getmail1.com,disposable
getmailfree.cc,disposable
getmails.eu,disposable
getmails.top,disposable
getmule.com,disposable
getnada.cc,disposable
getnada.com,disposable
getnowtoday.cf,disposable
getol.pro,disposable
getonemail.com,disposable
getonemail.net,disposable
getotp.fun,disposable
getover.de,disposable
getsimpleemail.com,disposable
gett.icu,disposable
gewalusitest1.cloud-ip.cc,disposable
gexik.com,disposable
gghjnvgfyjhk.top,disposable
ggmal.ml,disposable
ggoop69.kozow.com,disposable
ggrainn.com,disposable
ggu6ctm.ooguy.com,disposable
ggvendas.store,disposable
ggvk.ru,disposable
ggvk.store,disposable
ggxg.fashion,disposable
ggxhunter.com,disposable
ghfnhcf.xyz,disposable
ghk55.us,disposable
gholar.com,disposable
ghosttexter.de,disposable
ghvv.click,disposable
gi-mel.web.id,disposable
giacmosuaviet.info,disposable
giaiphapmuasam.com,disposable
giantmail.de,disposable
giare.fun,disposable
gifto12.com,disposable
gimbmail.com,disposable
gimme-cooki.es,disposable
gimpmail.com,disposable
gimuemoa.fr.nf,disposable
ginzi.be,disposable
ginzi.co.uk,disposable
ginzi.es,disposable
ginzi.net,disposable
ginzy.co.uk,disposable
ginzy.eu,disposable
giodaingan.com,disposable
gioidev.news,disposable
giratex.com,disposable
girlfriend.ru,disposable
girlmail.win,disposable
girlsindetention.com,disposable
girlsundertheinfluence.com,disposable
gishpuppy.com,disposable
gislinghamsilverband.com,disposable
github-com-disposable-email-domains.loseyourip.com,disposable
giveh2o.info,disposable
givememail.club,disposable
givemetoken.xin,disposable
givmail.com,disposable
gixenmixen.com,disposable
gkd2323c.in,disposable
gkyd3vu.loseyourip.com,disposable
gladogmi.fr.nf,disposable
glaventra.cfd,disposable
glaviu.icu,disposable
glcspp.top,disposable
gli.dpdns.org,disposable
glitch.sx,disposable
globalbizflow.com,disposable
globaltouron.com,disposable
glorylandconnections.com,disposable
gls-info.help,disposable
glubex.com,disposable
glucosegrin.com,disposable
gmaail.icu,disposable
gmaiil.top,disposable
gmail-xsniper.com,disposable
gmail-xsniper.site,disposable
gmail-xsniper.space,disposable
gmail.or.at,disposable
gmail2.gq,disposable
gmailedu.us,disposable
gmailinsta.com,disposable
gmaill.click,disposable
gmaill.vn,disposable
gmaillive.cloud,disposable
gmaillk.com,disposable
gmailold.com,disposable
gmailot.com,disposable
gmailxsn.com,disposable
gmailxsn.site,disposable
gmailxsn.space,disposable
gmailxyz.bond,disposable
gmatch.org,disposable
gmeenramy.com,disposable
gmel.biz.id,disposable
gmel.my.id,disposable
gmells.com,disposable
gmial.com,disposable
gmneel.eu.cc,disposable
gmx1mail.top,disposable
gmxmail.top,disposable
gmxmail.win,disposable
gnctr-calgary.com,disposable
gng.edu.pl,disposable
gni8.com,disposable
gnwzqaz.shop,disposable
go2farm.io.vn,disposable
go2usa.info,disposable
go2vpn.net,disposable
goalmillion.online,disposable
goatmail.uk,disposable
gob.re,disposable
godfare.com,disposable
godulygmail.com,disposable
goemailgo.com,disposable
goeschman.com,disposable
gohivezone.com,disposable
gokublue.me,disposable
gold.edu.pl,disposable
goldenmagpies.com,disposable
goldinbox.net,disposable
goldivis.work.gd,disposable
golemico.com,disposable
goleudy.org.uk,disposable
goliszek.net,disposable
gomail.in,disposable
gomomy.sbs,disposable
gongjua.com,disposable
gonida.co.uk,disposable
gonida.com,disposable
gonida.uk,disposable
gonw3bb.camdvr.org,disposable
googl.win,disposable
goomail.club,disposable
goonby.com,disposable
gooner.cat,disposable
goplaygame.ru,disposable
gorillaswithdirtyarmpits.com,disposable
goround.info,disposable
gosarlar.com,disposable
gosuslugi-spravka.ru,disposable
gothere.biz,disposable
gotmail.com,disposable
gotmail.net,disposable
gotmail.org,disposable
gotrak.org,disposable
gowcp.com,disposable
gowikibooks.com,disposable
gowikicampus.com,disposable
gowikicars.com,disposable
gowikifilms.com,disposable
gowikigames.com,disposable
gowikimusic.com,disposable
gowikinetwork.com,disposable
gowikitravel.com,disposable
gowikitv.com,disposable
gpt-mail-free-1200.dynv6.net,disposable
gpt-mail-free-140.dynv6.net,disposable
gpt-mail-free-1427.dynv6.net,disposable
gpt-mail-free-1550.dynv6.net,disposable
gpt-mail-free-161.dynv6.net,disposable
gpt-mail-free-1694.dynv6.net,disposable
gpt-mail-free-1721.dynv6.net,disposable
gpt-mail-free-1980.dynv6.net,disposable
gpt-mail-free-1998.dynv6.net,disposable
gpt-mail-free-2019.dynv6.net,disposable
gpt-mail-free-2049.dynv6.net,disposable
gpt-mail-free-2109.dynv6.net,disposable
gpt-mail-free-2141.dynv6.net,disposable
gpt-mail-free-2307.dynv6.net,disposable
gpt-mail-free-2310.dynv6.net,disposable
gpt-mail-free-2375.dynv6.net,disposable
gpt-mail-free-248.dynv6.net,disposable
gpt-mail-free-2491.dynv6.net,disposable
gpt-mail-free-3.dynv6.net,disposable
gpt-mail-free-3074.dynv6.net,disposable
gpt-mail-free-3093.dynv6.net,disposable
gpt-mail-free-3127.dynv6.net,disposable
gpt-mail-free-3291.dynv6.net,disposable
gpt-mail-free-3330.dynv6.net,disposable
gpt-mail-free-3348.dynv6.net,disposable
gpt-mail-free-3476.dynv6.net,disposable
gpt-mail-free-3527.dynv6.net,disposable
gpt-mail-free-366.dynv6.net,disposable
gpt-mail-free-3792.dynv6.net,disposable
gpt-mail-free-3927.dynv6.net,disposable
gpt-mail-free-4111.dynv6.net,disposable
gpt-mail-free-4547.dynv6.net,disposable
gpt-mail-free-4771.dynv6.net,disposable
gpt-mail-free-4775.dynv6.net,disposable
gpt-mail-free-4788.dynv6.net,disposable
gpt-mail-free-4821.dynv6.net,disposable
gpt-mail-free-4900.dynv6.net,disposable
gpt-mail-free-5018.dynv6.net,disposable
gpt-mail-free-5182.dynv6.net,disposable
gpt-mail-free-5211.dynv6.net,disposable
gpt-mail-free-5226.dynv6.net,disposable
gpt-mail-free-5241.dynv6.net,disposable
gpt-mail-free-5261.dynv6.net,disposable
gpt-mail-free-5386.dynv6.net,disposable
gpt-mail-free-5406.dynv6.net,disposable
gpt-mail-free-551.dynv6.net,disposable
gpt-mail-free-5539.dynv6.net,disposable
gpt-mail-free-561.dynv6.net,disposable
gpt-mail-free-5659.dynv6.net,disposable
gpt-mail-free-574.dynv6.net,disposable
gpt-mail-free-5902.dynv6.net,disposable
gpt-mail-free-6067.dynv6.net,disposable
gpt-mail-free-610.dynv6.net,disposable
gpt-mail-free-6221.dynv6.net,disposable
gpt-mail-free-6289.dynv6.net,disposable
gpt-mail-free-6320.dynv6.net,disposable
gpt-mail-free-6342.dynv6.net,disposable
gpt-mail-free-6397.dynv6.net,disposable
gpt-mail-free-6419.dynv6.net,disposable
gpt-mail-free-6603.dynv6.net,disposable
gpt-mail-free-6664.dynv6.net,disposable
gpt-mail-free-6691.dynv6.net,disposable
gpt-mail-free-6779.dynv6.net,disposable
gpt-mail-free-6812.dynv6.net,disposable
gpt-mail-free-6925.dynv6.net,disposable
gpt-mail-free-6962.dynv6.net,disposable
gpt-mail-free-7208.dynv6.net,disposable
gpt-mail-free-7298.dynv6.net,disposable
gpt-mail-free-7493.dynv6.net,disposable
gpt-mail-free-7548.dynv6.net,disposable
gpt-mail-free-7572.dynv6.net,disposable
gpt-mail-free-7582.dynv6.net,disposable
gpt-mail-free-7689.dynv6.net,disposable
gpt-mail-free-7939.dynv6.net,disposable
gpt-mail-free-8015.dynv6.net,disposable
gpt-mail-free-8049.dynv6.net,disposable
gpt-mail-free-8591.dynv6.net,disposable
gpt-mail-free-86.dynv6.net,disposable
gpt-mail-free-861.dynv6.net,disposable
gpt-mail-free-8611.dynv6.net,disposable
gpt-mail-free-8671.dynv6.net,disposable
gpt-mail-free-8773.dynv6.net,disposable
gpt-mail-free-8786.dynv6.net,disposable
gpt-mail-free-8791.dynv6.net,disposable
gpt-mail-free-882.dynv6.net,disposable
gpt-mail-free-8886.dynv6.net,disposable
gpt-mail-free-8933.dynv6.net,disposable
gpt-mail-free-8944.dynv6.net,disposable
gpt-mail-free-902.dynv6.net,disposable
gpt-mail-free-9243.dynv6.net,disposable
gpt-mail-free-9307.dynv6.net,disposable
gpt-mail-free-9446.dynv6.net,disposable
gpt-mail-free-9502.dynv6.net,disposable
gpt-mail-free-9515.dynv6.net,disposable
gpt-mail-free-9584.dynv6.net,disposable
gpt-mail-free-9609.dynv6.net,disposable
gpt-mail-free-9620.dynv6.net,disposable
gpt-mail-free-9695.dynv6.net,disposable
gpt-mail-free-9825.dynv6.net,disposable
gpt-mail-free-9935.dynv6.net,disposable
gpt-mail.myftp.org,disposable
gpt20260701.top,disposable
gptmail.cc.cd,disposable
gptmail.us.ci,disposable
gptmail.webredirect.org,disposable
gptworkone.dev,disposable
gpxmail.win,disposable
gqov.top,disposable
grabafilafoundation.org,disposable
gracetvglobal.com,disposable
grandmamail.com,disposable
grandmasmail.com,disposable
graphicanal.site,disposable
graphicbulk.site,disposable
graphicdany.site,disposable
graphicedge.click,disposable
graphicedge.io.vn,disposable
graphicedge.site,disposable
graphicedge.tokyo,disposable
graphicenda.site,disposable
graphiclean.click,disposable
graphiclean.io.vn,disposable
graphiclean.site,disposable
graphiclean.tokyo,disposable
graphiclens.site,disposable
graphiclever.site,disposable
graphicmen.site,disposable
grassdev.com,disposable
gravexia.cfd,disposable
gravityengine.cc,disposable
great-host.in,disposable
greencafe24.com,disposable
greendike.com,disposable
greenhousemail.com,disposable
greensloth.com,disposable
greenvin.io.vn,disposable
greggamel.com,disposable
greggamel.net,disposable
gregorsky.zone,disposable
gregorygamel.com,disposable
gregorygamel.net,disposable
grendel.qzz.io,disposable
grimstroke.me,disposable
grish.de,disposable
gristod.my,disposable
griuc.schule,disposable
grn.cc,disposable
groklan.com,disposable
groupbuff.com,disposable
grqccqbwg.top,disposable
grr.la,disposable
grtd.beer,disposable
gruene-no-thanks.xyz,disposable
grugrug.ru,disposable
gruz-m.ru,disposable
gs-arc.org,disposable
gsoleyfoyle.org.uk,disposable
gsredcross.org,disposable
gsrv.co.uk,disposable
gsxstring.ga,disposable
gthyjuytr.dynv6.net,disposable
gts.cc.cd,disposable
guanshuyun.com,disposable
gudanglowongan.com,disposable
gudri.com,disposable
guerillamail.biz,disposable
guerillamail.com,disposable
guerillamail.de,disposable
guerillamail.info,disposable
guerillamail.net,disposable
guerillamail.org,disposable
guerillamailblock.com,disposable
guerrillamail.biz,disposable
guerrillamail.com,disposable
guerrillamail.de,disposable
guerrillamail.info,disposable
guerrillamail.net,disposable
guerrillamail.org,disposable
guerrillamailblock.com,disposable
gufacoding.com,disposable
gufum.com,disposable
guima2.asia,disposable
gukox.org,disposable
guozivpn.cc.cd,disposable
gustr.com,disposable
guysmail.com,disposable
guzukll.camdvr.org,disposable
gxemail.men,disposable
gxmail.top,disposable
gxybkq6.theworkpc.com,disposable
gyan-netra.com,disposable
gyknife.com,disposable
gynzi.co.uk,disposable
gynzi.es,disposable
gzb.ro,disposable
gzeos.com,disposable
h0tmaii.com,disposable
h2beta.com,disposable
h8s.org,disposable
ha92.store,disposable
haben-wir.com,disposable
habenwir.com,disposable
habitnestguide.com,disposable
habitue.net,disposable
hacccc.com,disposable
hackersquad.tk,disposable
hackthatbit.ch,disposable
hahawrong.com,disposable
haibabon.com,disposable
haibaipei.ccwu.cc,disposable
haida-edu.cn,disposable
hailu.publicvm.com,disposable
hairs24.ru,disposable
halamaridfcfs.site,disposable
halashao1.dpdns.org,disposable
halashao3.us.ci,disposable
halcroft.org,disposable
haleloya.site,disposable
halionex.cfd,disposable
haltospam.com,disposable
hamham.uk,disposable
handrik.com,disposable
handsofhelpinc.org,disposable
hanghai232.shop,disposable
hangxomcuatoilatotoro.ml,disposable
hanha.kozow.com,disposable
hanoinet.io.vn,disposable
happiseektest.com,disposable
happy-new-year.top,disposable
happy2023year.com,disposable
happy9toy.com,disposable
happydomik.ru,disposable
happyheadshed.org,disposable
happyhome.eu.cc,disposable
haqimi.cc.cd,disposable
harakirimail.com,disposable
hardwork.icu,disposable
haren.uk,disposable
haribu.com,disposable
harpix.org.uk,disposable
hartbot.de,disposable
hasanmail.ml,disposable
hat-geld.de,disposable
hatespam.org,disposable
hathitrannhien.edu.vn,disposable
havefundarling.xyz,disposable
havertz.tk,disposable
hawrong.com,disposable
haydoo.com,disposable
hayys.app,disposable
hazelnut4u.com,disposable
hazelnuts4u.com,disposable
hazmat.help,disposable
hazmatshipping.org,disposable
hcap.ai,disposable
hccmail.win,disposable
hcypku.cloud,disposable
hdcroom.us,disposable
hdiscord.xyz,disposable
headstrong.de,disposable
healingheartmission.org,disposable
healthforwomen.info,disposable
healxo.org,disposable
heathenhammer.com,disposable
heathenhero.com,disposable
hebase.com,disposable
hecat.es,disposable
heheee.com,disposable
heirfoundation.com,disposable
heisei.be,disposable
hellodream.mobi,disposable
helloricky.com,disposable
hellosravan.in,disposable
helpinghandtaxcenter.org,disposable
helpjobs.ru,disposable
helpthechildren.uk,disposable
heocondeisng.cc,disposable
herilev.top,disposable
herlan.co.uk,disposable
heros3.com,disposable
herp.in,disposable
herpderp.nl,disposable
hertz.ltd,disposable
hesoyam.shop,disposable
hethongtudong.store,disposable
hetzez.com,disposable
heycmm.cn,disposable
heyzalo.vn,disposable
hezll.com,disposable
hfogzua.top,disposable
hh7f.com,disposable
hhan.top,disposable
hhe.org.uk,disposable
hhyru.us,disposable
hi2.in,disposable
hi5.si,disposable
hiddentragedy.com,disposable
hideam.com,disposable
hidebox.org,disposable
hidebusiness.xyz,disposable
hidemail.de,disposable
hidemail.pro,disposable
hidemail.us,disposable
hidesmail.net,disposable
hidevak.com,disposable
hidingmail.net,disposable
hidmail.org,disposable
hidzz.com,disposable
hiemail.net,disposable
hieu.in,disposable
hieuclone.net,disposable
highapes.run.place,disposable
highbros.org,disposable
higher-tech.linkpc.net,disposable
highstar.shop,disposable
hightech.jo3.org,disposable
higogoya.com,disposable
higuruma.site,disposable
hihi.lol,disposable
hikuhu.com,disposable
hillaxiant.xyz,disposable
hilmipremindo.com,disposable
hilostar.com,disposable
hiltonvr.com,disposable
him6.com,disposable
himacreative.id,disposable
himail.infos.st,disposable
himail.online,disposable
hiredify.com,disposable
histartool.com,disposable
hitbase.net,disposable
hitbtcpool.cloud,disposable
hiverun.io,disposable
hjdkker-kdet.click,disposable
hkvtop.us,disposable
hldrive.com,disposable
hlkes.com,disposable
hmail.us,disposable
hmamail.com,disposable
hmh.ro,disposable
hnfw-ngd.top,disposable
hnfw-ngd.wiki,disposable
hoanggiaanh.com,disposable
hoanglong.tech,disposable
hochsitze.com,disposable
hohohim.com,disposable
hoichvu.ddnsfree.com,disposable
hokyflix.site,disposable
hola.org,disposable
holio.day,disposable
holl.ga,disposable
holmes.de5.net,disposable
homecut.pro,disposable
homehappy.eu.cc,disposable
homestartbromley.org.uk,disposable
homewiseleaf.com,disposable
homewrt.xx.kg,disposable
homvela.com,disposable
honesthirianinda.net,disposable
honeys.be,disposable
hongsemeixi.us.ci,disposable
honor-8.com,disposable
hook2ad.com,disposable
hookmono.click,disposable
hooooooo.store,disposable
hopemail.biz,disposable
hopesx.com,disposable
horizonspost.com,disposable
hormails.com,disposable
hornhorizon.com,disposable
hornyalwary.top,disposable
horsgit.com,disposable
host1s.com,disposable
hostcalls.com,disposable
hostguru.top,disposable
hosthalting.lol,disposable
hosthalting.site,disposable
hosthalting.store,disposable
hostingmail.me,disposable
hostlaba.com,disposable
hostpapa.dynv6.net,disposable
hot-mail.cf,disposable
hot-mail.ga,disposable
hot-mail.gq,disposable
hot-mail.ml,disposable
hot-mail.tk,disposable
hotboyckdh.shop,disposable
hotboyckdh1122.shop,disposable
hotboyckdhn55.shop,disposable
hotelpiesi.pro,disposable
hotelplazer.com,disposable
hotelplazer.fr,disposable
hotelplazer.org,disposable
hotelplazer.store,disposable
hotlinkimg.com,disposable
hotmai.com,disposable
hotmail-us.top,disposable
hotmailproduct.com,disposable
hotmailtrusted.com,disposable
hotmeil.net,disposable
hotmial.com,disposable
hotpop.com,disposable
hotprice.co,disposable
hotrokh.com,disposable
hotsmial.click,disposable
hotsoup.be,disposable
hottchurch.org.uk,disposable
housat.com,disposable
housereformas.es,disposable
howardgiving.org,disposable
hpari.com,disposable
hpc.tw,disposable
hpj4l28.loseyourip.com,disposable
hqpdf.com,disposable
hripleh.us.ci,disposable
hs.vc,disposable
hsmw.net,disposable
ht.cx,disposable
hta.2bd.net,disposable
hta.publicvm.com,disposable
hthlm.com,disposable
htmail.store,disposable
http.nyc.mn,disposable
httpsgreenwichmeantime.in,disposable
huage.me,disposable
hualabtech.com,disposable
huangao.xyz,disposable
huangniu8.com,disposable
hubglee.com,disposable
hubhost.store,disposable
hudisk.com,disposable
hudska.dpdns.org,disposable
huizk.com,disposable
hukkmu.tk,disposable
hulapla.de,disposable
hulisang.edu.kg,disposable
hulkteam.cyou,disposable
huluwaaaron.eu.cc,disposable
humaility.com,disposable
hungpackage.com,disposable
hungtpt.site,disposable
hunnur.com,disposable
huolala.de5.net,disposable
huongdanfb.com,disposable
huongvemientrung.store,disposable
huoyumars.cc.cd,disposable
hushmail.cf,disposable
huskion.net,disposable
husng-kang.top,disposable
hutathuww.org,disposable
hutudns.com,disposable
huychau.click,disposable
huychau.online,disposable
huynhlx.shop,disposable
huynhtran.io.vn,disposable
huytuyen.click,disposable
huytuyen.online,disposable
huytuyen.site,disposable
huyvillafb.online,disposable
hvastudiesucces.nl,disposable
hwax4h4.giize.com,disposable
hwqmh2g.ddnsfree.com,disposable
hwsye.net,disposable
hxopi.ru,disposable
hxopi.store,disposable
hygle.net,disposable
hyhotmail.ccwu.cc,disposable
hymenjj.cfd,disposable
hypenated-domain.com,disposable
i-dork.com,disposable
i-love-you-3000.net,disposable
i0mn8cx.mywire.org,disposable
i2b.asia,disposable
i2b.cam,disposable
i2b.com.vn,disposable
i2b.email,disposable
i2b.fun,disposable
i2b.id.vn,disposable
i2b.info,disposable
i2b.io.vn,disposable
i2b.lol,disposable
i2b.lu,disposable
i2b.mov,disposable
i2b.pw,disposable
i2b.space,disposable
i2b.vn,disposable
i2bgmail.com,disposable
i2c.email,disposable
i2c.pw,disposable
i2c.vn,disposable
i2i.vn,disposable
i2m.email,disposable
i2m.vn,disposable
i2n.vn,disposable
i2p.vn,disposable
i2pmail.org,disposable
i2u.vn,disposable
i2x.vn,disposable
i6.cloudns.cc,disposable
iandsec.cc.cd,disposable
iaoss.com,disposable
ibande.xyz,disposable
ibmdoors.com,disposable
ibmdoors.com.cn,disposable
ibnuh.bz,disposable
ibolinva.com,disposable
ibymail.com,disposable
icantbelieveineedtoexplainthisshit.com,disposable
icbr.us,disposable
iceans.cc.cd,disposable
icelandgcp.org.uk,disposable
icemail.club,disposable
ich-essen-fleisch.bio,disposable
ichecker.tech,disposable
ichigo.me,disposable
icidroit.info,disposable
ickletonrelief.co.uk,disposable
ickletonrelief.shop,disposable
icloudmail.kr,disposable
icloulb.com,disposable
icmans.com,disposable
iconmal.com,disposable
icotz.com,disposable
icousd.com,disposable
icubik.com,disposable
icwr.beer,disposable
icx.in,disposable
icx.ro,disposable
icznn.com,disposable
ideuse.com,disposable
idf.ovh,disposable
idfd.live,disposable
idg.io.vn,disposable
idns7v8.ooguy.com,disposable
idont.date,disposable
idu4aa4.info,disposable
idx4.com,disposable
idxue.com,disposable
ieatspam.eu,disposable
ieatspam.info,disposable
ieh-mail.de,disposable
iencm.com,disposable
iffymedia.com,disposable
ifoxdd.com,disposable
ige.es,disposable
igg.biz,disposable
ignoremail.com,disposable
ihateyoualot.info,disposable
ihazspam.ca,disposable
ihc3znb.theworkpc.com,disposable
iheartspam.org,disposable
ihnpo.food,disposable
ikbenspamvrij.nl,disposable
ikewe.com,disposable
ikomail.com,disposable
ikuromi.com,disposable
ilcvn.cn,disposable
illistnoise.com,disposable
illnessth.com,disposable
illubd.com,disposable
iloveion.com,disposable
ilovespam.com,disposable
ilyx7j5.theworkpc.com,disposable
im5z.com,disposable
imaanpharmacy.com,disposable
imagenbox.xyz,disposable
imagic.wiki,disposable
imail.edu.vn,disposable
imail1.net,disposable
imails.asso.st,disposable
imails.info,disposable
imailt.com,disposable
imap.fr.nf,disposable
imashr.com,disposable
imc.io.vn,disposable
imfaya.com,disposable
img-free.com,disposable
imgof.com,disposable
imgv.de,disposable
immo-gerance.info,disposable
imnart.com,disposable
imperialcnk.com,disposable
importemail.com,disposable
imranbt.store,disposable
imranccnn.buzz,disposable
imrancm.buzz,disposable
imrancumi.buzz,disposable
imranking.buzz,disposable
imranmax.buzz,disposable
imranspc.buzz,disposable
imstations.com,disposable
imul.info,disposable
in-ulm.de,disposable
in2reach.com,disposable
inactivemachine.com,disposable
inbax.tk,disposable
inbound.plus,disposable
inbox.si,disposable
inbox2.info,disposable
inboxalias.com,disposable
inboxbear.com,disposable
inboxclean.com,disposable
inboxclean.org,disposable
inboxdesign.me,disposable
inboxed.im,disposable
inboxed.pw,disposable
inboxfast.space,disposable
inboxfly.space,disposable
inboxkitten.com,disposable
inboxly.website,disposable
inboxnow.ru,disposable
inboxnow.store,disposable
inboxopen.space,disposable
inboxorigin.com,disposable
inboxproxy.com,disposable
inboxstore.me,disposable
inclick.net,disposable
inclusiveprogress.com,disposable
incognitomail.com,disposable
incognitomail.net,disposable
incognitomail.org,disposable
incq.com,disposable
inctart.com,disposable
ind.st,disposable
inderpalsandhu.com,disposable
indevgo.com,disposable
index-mail.com,disposable
indianahorsecouncil.org,disposable
indieclad.com,disposable
indigobook.com,disposable
indirect.ws,disposable
indomaed.pw,disposable
indomina.cf,disposable
indoserver.stream,disposable
indosukses.press,disposable
indoxs.bond,disposable
indsec.online,disposable
ineec.net,disposable
inetopenwrt.dpdns.org,disposable
infix1.io.vn,disposable
inflyratech.site,disposable
infobuzzsite.com,disposable
infocom.zp.ua,disposable
infoisp.me,disposable
infolinewest.com,disposable
ingam.online,disposable
inggo.org,disposable
inilogic.com,disposable
init.ink,disposable
inkiny.com,disposable
inkomail.com,disposable
inlook.cloud,disposable
inly.vn,disposable
inmune.ddns.net,disposable
inmynetwork.tk,disposable
inoutmail.de,disposable
inoutmail.eu,disposable
inoutmail.info,disposable
inoutmail.net,disposable
inpwa.com,disposable
inreur.com,disposable
insanony.art,disposable
insanony.one,disposable
insanony.store,disposable
insanumingeniumhomebrew.com,disposable
insgrmail.site,disposable
inshuan.com,disposable
insorg-mail.info,disposable
instaddr.ch,disposable
instaddr.uk,disposable
instaddr.win,disposable
instagr.vn,disposable
instagra.vn,disposable
instagram.io.vn,disposable
instance-email.com,disposable
instant-mail.de,disposable
instantblingmail.info,disposable
instantemailaddress.com,disposable
instantletter.net,disposable
instantmail.fr,disposable
instmail.uk,disposable
instrete.com,disposable
intady.com,disposable
internet-v-stavropole.ru,disposable
internetkeno.com,disposable
internetoftags.com,disposable
interstats.org,disposable
intersteller.com,disposable
intlgalleryheritageculture.org,disposable
intobx.com,disposable
intopwa.com,disposable
intopwa.net,disposable
intopwa.org,disposable
introex.com,disposable
inversiq.cfd,disposable
investore.co,disposable
inwagit.com,disposable
inxout.dpdns.org,disposable
ioioioio.sbs,disposable
iolq.top,disposable
ionolenonos.com,disposable
ionolenonos.fr,disposable
ionolenonos.info,disposable
ionolenonos.store,disposable
ionq.pl,disposable
iotf.net,disposable
iozak.com,disposable
ip4.pp.ua,disposable
ip6.pp.ua,disposable
ipaddressforme.com,disposable
ipinf.eu.org,disposable
ipoo.org,disposable
ippandansei.tk,disposable
ipsur.org,disposable
ipusgo.cfd,disposable
ipxwan.com,disposable
iqfucsod.top,disposable
irabops.com,disposable
iralborz.bid,disposable
iraniandsa.org,disposable
iraqedu.online,disposable
irc.so,disposable
irealiy.cyou,disposable
iridales.com,disposable
irinakicka.site,disposable
irish2me.com,disposable
irishspringrealty.com,disposable
iroid.com,disposable
ironbrookco.com,disposable
ironiebehindert.de,disposable
irpine.com,disposable
irssi.tv,disposable
is.af,disposable
isdaq.com,disposable
isep.fr.nf,disposable
isfew.com,disposable
ishop2k.com,disposable
ismartsense.online,disposable
isosq.com,disposable
ispeedtest.digital,disposable
ist-hier.com,disposable
istii.ro,disposable
isukrainestillacountry.com,disposable
iswin.ccwu.cc,disposable
it7.ovh,disposable
italy-mail.com,disposable
itaolo.com,disposable
itcompu.com,disposable
itduniya.online,disposable
itfast.net,disposable
itit.tk,disposable
itmj3po.ddnsfree.com,disposable
itmo.edu.pl,disposable
itos.cloudns.org,disposable
itquoted.com,disposable
itsbds.com,disposable
itsedit.click,disposable
itsjiff.com,disposable
itspid.com,disposable
itunesgiftcodegenerator.com,disposable
iuanhoi.store,disposable
iubridge.com,disposable
iuemail.men,disposable
iuno.fun,disposable
iupo219.ddnsfree.com,disposable
iwatermail.com,disposable
iwx4k98.theworkpc.com,disposable
ixaks.com,disposable
ixhale.com,disposable
ixunbo.com,disposable
ixx.io,disposable
iya.fr.nf,disposable
iysqv.com,disposable
izhowto.com,disposable
izunasan.my.id,disposable
izunasuite.biz.id,disposable
j-p.us,disposable
j3r8qd.space,disposable
j5bie4.tech,disposable
jabmag.com,disposable
jackierobinsonparkoffame.org,disposable
jafps.com,disposable
jaga.email,disposable
jagomail.com,disposable
jailbreakeverything.com,disposable
jaipas.lu,disposable
jajxz.com,disposable
jakarta.io.vn,disposable
jakemsr.com,disposable
jakl.li,disposable
jamesat.biz.id,disposable
jamesat.my.id,disposable
jamesjfattorini.rocks,disposable
jamesthynnealmshouse.co.uk,disposable
jamyjmkqdsc.com,disposable
janestore.xyz,disposable
janproz.com,disposable
japanesegirls.cc,disposable
japnc.com,disposable
jaqis.com,disposable
jarszone.com,disposable
jasminesports.com,disposable
jasonbella.online,disposable
jasonswheels.org,disposable
jav8.de,disposable
javadmin.com,disposable
javaemail.com,disposable
javaka.live,disposable
javindra.cfd,disposable
jazzvip.site,disposable
jbsze.com,disposable
jbsze.ne,disposable
jbsze.net,disposable
jc58t04.kozow.com,disposable
jcnorris.com,disposable
jdmadventures.com,disposable
jdz.ro,disposable
je-recycle.info,disposable
jejes.de,disposable
jejesfb.biz.id,disposable
jellow.ml,disposable
jellycat.eu.cc,disposable
jellyrolls.com,disposable
jeoce.com,disposable
jeremytunnell.net,disposable
jessitrust.com,disposable
jessyx.bond,disposable
jet-renovation.fr,disposable
jetable.com,disposable
jetable.fr.nf,disposable
jetable.net,disposable
jetable.org,disposable
jetable.pp.ua,disposable
jgjitffy.store,disposable
jgkcr.com,disposable
jhfnre-kjf.sbs,disposable
jhkf.beer,disposable
jhphoto.top,disposable
ji-a.cc,disposable
ji5.de,disposable
ji6.de,disposable
ji7.de,disposable
jiangwy.one,disposable
jiaoo.pp.ua,disposable
jiaxi.work,disposable
jibbo01.com,disposable
jieluv.com,disposable
jika.gg,disposable
jilingling.eu.cc,disposable
jincer.com,disposable
jingood.dpdns.org,disposable
jinkeyun.com,disposable
jinva.fr.nf,disposable
jiongguo.top,disposable
jiooq.com,disposable
jioso.com,disposable
jisan.uk,disposable
jisankhan1.site,disposable
jiuji.asia,disposable
jjfcharitabletrust.co.uk,disposable
jjice.com,disposable
jjj.ee,disposable
jjk.app,disposable
jjlj.fashion,disposable
jjmj.fashion,disposable
jjuisyj.top,disposable
jjxj.fashion,disposable
jjxt6lv.mywire.org,disposable
jkotypc.com,disposable
jksndh-afd2.wiki,disposable
jlpevents.co.uk,disposable
jmail.fr.nf,disposable
jmail.ovh,disposable
jmail.ro,disposable
jmods.me,disposable
jmt2469.xyz,disposable
jnwexkd.giize.com,disposable
jnxjn.com,disposable
jobbikszimpatizans.hu,disposable
jobbrett.com,disposable
jobdatei.de,disposable
jobposts.net,disposable
jobs-to-be-done.net,disposable
jobscai.com,disposable
jobsma.pp.ua,disposable
jobzyy.com,disposable
joelpet.com,disposable
joetestalot.com,disposable
jofuso.com,disposable
joihonm.shop,disposable
jojomedia.store,disposable
jonira.sbs,disposable
jonsjav.cc,disposable
jopho.com,disposable
jora.dpdns.org,disposable
joseihorumon.info,disposable
josse.ltd,disposable
jourrapide.com,disposable
joymail.cyou,disposable
joywavepoint.com,disposable
jp-ml.com,disposable
jpco.org,disposable
jrhmail.com,disposable
jsifh5i.kozow.com,disposable
jsnc.cloud,disposable
jsncos.com,disposable
jsrsolutions.com,disposable
jualakun.com,disposable
jualakunfb.co,disposable
jualfb.co,disposable
jumonji.tk,disposable
jungkamushukum.com,disposable
junk.to,disposable
junk1e.com,disposable
junkmail.ga,disposable
junkmail.gq,disposable
just-email.com,disposable
justdefinition.com,disposable
justemail.ml,disposable
juvanta.cfd,disposable
juyouxi.com,disposable
jwork.ru,disposable
jxpomup.com,disposable
jywa.social,disposable
jzlvoei.cn,disposable
jzzm.top,disposable
k-global.dev,disposable
k4money.com,disposable
kabamail.com,disposable
kabarr.com,disposable
kabinbilla.com,disposable
kademen.com,disposable
kadokawa.cf,disposable
kadokawa.ga,disposable
kadokawa.gq,disposable
kadokawa.ml,disposable
kadokawa.tk,disposable
kaengu.ru,disposable
kagi.be,disposable
kajaib.social,disposable
kaka0.kr,disposable
kakadua.net,disposable
kakao-mail.com,disposable
kakaomail.kr,disposable
kakator.com,disposable
kakaveo3.io.vn,disposable
kakslsie.store,disposable
kalapi.org,disposable
kalquoris.cfd,disposable
kamen-market.ru,disposable
kamete.org,disposable
kampret.asia,disposable
kamsg.com,disposable
kankoplm.eu.cc,disposable
kanlangld.shop,disposable
kanonmail.com,disposable
kantclass.com,disposable
kaoing.com,disposable
kaovo.com,disposable
kappala.info,disposable
kapten.site,disposable
kaptencpl.com,disposable
kara-turk.net,disposable
karatraman.ml,disposable
karenkey.com,disposable
kariplan.com,disposable
karta-kykyruza.ru,disposable
kartvelo.com,disposable
kasmail.com,disposable
kasmirfx.buzz,disposable
kaspop.com,disposable
katalyst.indevs.in,disposable
kathrynis.my.id,disposable
kathrynis.web.id,disposable
katputli.world,disposable
kattthu.us,disposable
katztube.com,disposable
kavio.my.id,disposable
kaw-sar.top,disposable
kawneha.site,disposable
kaybooks.top,disposable
kayfilms.top,disposable
kaygroup.top,disposable
kayilo.com,disposable
kaynlab.com,disposable
kazava.tech,disposable
kazelink.ml,disposable
kbishwanathuk.cc,disposable
kbox.li,disposable
kcoporation.com,disposable
kcrw.de,disposable
kd2.org,disposable
kdpsl.org,disposable
ke1le.cyou,disposable
kee40vq.ddnsfree.com,disposable
keecs.com,disposable
keepmail.dev,disposable
keepmymail.com,disposable
kein.date,disposable
keinhirn.de,disposable
keipino.de,disposable
kejinxi.xyz,disposable
kekita.com,disposable
kelenson.com,disposable
kelimo.sbs,disposable
kellychibale-researchgroup-uct.com,disposable
kemail.uk,disposable
kempstoncharities.band,disposable
kempstoncharities.co.uk,disposable
kemptvillebaseball.com,disposable
kenari.online,disposable
kendev.id.vn,disposable
kenfern.com,disposable
kenhbanme.com,disposable
kenhphim.net,disposable
kenvanharen.com,disposable
kepkat.com,disposable
kepkat.site,disposable
kerotu.com,disposable
ket-qua.org,disposable
ketimunfam.online,disposable
ketua.id,disposable
khaibn.com,disposable
khamu.me,disposable
khoke.nl,disposable
khtextile.com,disposable
kia-sdn.me,disposable
kiani.com,disposable
kidaroa.com,disposable
kiecchn.com,disposable
kierko.com,disposable
kiki287666.xyz,disposable
killlove.site,disposable
killmail.com,disposable
killmail.net,disposable
killyourtime.com,disposable
kimagure.ccwu.cc,disposable
kimagure1.cc.cd,disposable
kimdyn.com,disposable
kimora.space,disposable
kimsdisk.com,disposable
kimzavin.shop,disposable
kinda.email,disposable
kindamail.com,disposable
kingdais.com,disposable
kingproplan.site,disposable
kingsq.ga,disposable
kingss.de5.net,disposable
kino-100.ru,disposable
kintil.buzz,disposable
kiois.com,disposable
kismail.ru,disposable
kisoq.com,disposable
kissgy.com,disposable
kisstwink.com,disposable
kitap.az,disposable
kitnastar.com,disposable
kiwkiw.shop,disposable
kjkpc.net,disposable
kjkszpjcompany.com,disposable
kjnbtv.dedyn.io,disposable
kk.io.vn,disposable
kkdty.dynv6.net,disposable
kkkoouy.cyou,disposable
kkmail.be,disposable
kkoup.com,disposable
kksm.be,disposable
klassmaster.com,disposable
klassmaster.net,disposable
kleinanzeigen-verification.de,disposable
klick-tipp.us,disposable
kliknesia.io,disposable
klingai.asia,disposable
klipschx12.com,disposable
kloap.com,disposable
klovenode.com,disposable
kludgemush.com,disposable
klut.io,disposable
klyverra.cfd,disposable
klzlk.com,disposable
kmail.li,disposable
kmail.live,disposable
kmail.qzz.io,disposable
kmail123.com,disposable
kmhow.com,disposable
knaresboroughtownmuseum.org,disposable
knickerbockerban.de,disposable
knilok.com,disposable
knmcadibav.com,disposable
knol-power.nl,disposable
knowledgemd.com,disposable
kobrandly.com,disposable
kodeholik.site,disposable
kodpan.com,disposable
kokalo.store,disposable
kokklsd.dpdns.org,disposable
koletter.com,disposable
kommunity.biz,disposable
kon42.com,disposable
konican.com,disposable
konigyuan.us.ci,disposable
konterkulo.com,disposable
kontoko.org,disposable
konultant-jurist.ru,disposable
kook.ml,disposable
kopagas.com,disposable
kopaka.net,disposable
korimoddin.store,disposable
korona-nedvizhimosti.ru,disposable
korvanta.cfd,disposable
koshu.ru,disposable
kosmetik-obatkuat.com,disposable
kostenlosemailadresse.de,disposable
koszmail.pl,disposable
kpay.be,disposable
kpmn-design.org,disposable
kpooa.com,disposable
kpost.be,disposable
kppk.beer,disposable
kqbz.beer,disposable
kqhmln6.theworkpc.com,disposable
kravintis.cfd,disposable
krd.ag,disposable
kreabaka.site,disposable
krouter.net,disposable
krsw.tk,disposable
kruay.com,disposable
krypton.tk,disposable
krysentra.cfd,disposable
kskblzdjdwkzkbl.top,disposable
ksmtrck.tk,disposable
kswm.beer,disposable
ktisocial.asia,disposable
ktpingprox.id.vn,disposable
kuhaku.indevs.in,disposable
kuhrap.com,disposable
kuku.lu,disposable
kulmeo.com,disposable
kulturbetrieb.info,disposable
kumli.racing,disposable
kurin.sbs,disposable
kuromee.com,disposable
kuromee.store,disposable
kurumibnb.dog,disposable
kurzepost.de,disposable
kutakbisajauhjauh.gq,disposable
kv2vpn.eu.org,disposable
kvhrr.com,disposable
kvhrs.com,disposable
kvhrw.com,disposable
kwifa.com,disposable
kwift.net,disposable
kwilco.net,disposable
kwtest.io,disposable
kxbj.beer,disposable
kyal.pl,disposable
kynninc.com,disposable
kyntaris.cfd,disposable
kyois.com,disposable
kyriog.fr,disposable
kyuusei.fr.nf,disposable
kyx9sgz.loseyourip.com,disposable
kzccv.com,disposable
l-c-a.us,disposable
l2gyw37.mywire.org,disposable
l2rrz31.ddnsfree.com,disposable
l33r.eu,disposable
l6factors.com,disposable
laafd.com,disposable
labananmakmur.com,disposable
labetteraverouge.at,disposable
labforge.freeddns.org,disposable
laborderie.com,disposable
labworld.org,disposable
lacedmail.com,disposable
lackmail.net,disposable
lackmail.ru,disposable
lacraffe.fr.nf,disposable
lacto.info,disposable
lags.us,disposable
laicai8.sbs,disposable
lain.ch,disposable
lak.pp.ua,disposable
lakelivingstonrealestate.com,disposable
lakqs.com,disposable
laksamantunggalakma.me,disposable
lalayun.cyou,disposable
lalulahoot.me,disposable
lamasticots.com,disposable
lambsauce.de,disposable
landmail.co,disposable
lanuiopl.bond,disposable
laoeq.com,disposable
laoia.com,disposable
lapakqu.com,disposable
lapluz.xyz,disposable
lappies.net,disposable
laptoplonghai.com,disposable
larisia.com,disposable
larland.com,disposable
lashyd.com,disposable
last-chance.pro,disposable
laste.ml,disposable
lastexile.site,disposable
lastmail.co,disposable
lastmail.com,disposable
laulund.info,disposable
launchpadx.shop,disposable
launders.money,disposable
lawlita.com,disposable
laxex.ru,disposable
laxex.store,disposable
laxiw.org,disposable
laymro.com,disposable
lazerbade.com,disposable
lazerbade.fr,disposable
lazerbade.org,disposable
lazerbade.store,disposable
lazyinbox.com,disposable
lazyinbox.us,disposable
lbrmail666.site,disposable
lcvfdvynb.top,disposable
ldaho.biz,disposable
ldkll.cn,disposable
ldofy2e.ooguy.com,disposable
ldop.com,disposable
ldtp.com,disposable
le-tim.ru,disposable
leadwizzer.com,disposable
lebetrust.org,disposable
lecn.beer,disposable
lee.mx,disposable
leechchannel.com,disposable
leeching.net,disposable
leetmail.co,disposable
lefruit-dev.work,disposable
legalrc.loan,disposable
legendaryseller.com,disposable
leie.me,disposable
lellno.gq,disposable
lellol.dev,disposable
lellol.tech,disposable
lemonkk.cn,disposable
lenovog4.com,disposable
leoguio.site,disposable
leopik.com,disposable
lerany.com,disposable
lerbhe.com,disposable
lerch.ovh,disposable
lero3.com,disposable
leruvo.icu,disposable
lesobprovermail.com,disposable
lessismore.eu.cc,disposable
letterhaven.net,disposable
letterprotect.net,disposable
lettersboxmail.com,disposable
letthemeatspam.com,disposable
levi.cc.cd,disposable
leviacerman.store,disposable
lez.se,disposable
lfsz.beer,disposable
lgxscreen.com,disposable
lhsdv.com,disposable
liadhene.com,disposable
liamcyrus.com,disposable
liang-tts.shop,disposable
liangganxiaopu.bond,disposable
libinit.com,disposable
licccons.icu,disposable
licenses.sbs,disposable
lifebitsnotes.com,disposable
lifebyfood.com,disposable
lifetimefriends.info,disposable
lifetotech.com,disposable
lifetreechurch.co.uk,disposable
lifewiseleaf.com,disposable
liggegi.com,disposable
lightv.online,disposable
ligsb.com,disposable
likeageek.fr.nf,disposable
likemovie.net,disposable
likevip.net,disposable
lilbahlil.me,disposable
lillemap.net,disposable
lilo.me,disposable
lilspam.com,disposable
lilsuite.id,disposable
lindenbaumjapan.com,disposable
link2mail.net,disposable
linkcoll.my.id,disposable
linkedindiscount.com,disposable
linkedintuts2016.pw,disposable
linkmail.info,disposable
linkspo.my.id,disposable
linlin.cloud,disposable
linlshe.com,disposable
linshiyou.com,disposable
linshiyouxiang.net,disposable
linux-do.me,disposable
linuxgo.us.ci,disposable
linuxmail.so,disposable
linxi.online,disposable
linyu.qzz.io,disposable
linzefor.asia,disposable
linzefor.shop,disposable
liocbrco.com,disposable
liondapt.com,disposable
liopsacac.shop,disposable
lista.cc,disposable
litedrop.com,disposable
littlejohns.info,disposable
littlemvh.org.uk,disposable
littsocial.com,disposable
liun.cc.cd,disposable
liuyuyu.space,disposable
liveforms.org,disposable
liveradio.tk,disposable
livinitlarge.net,disposable
lixlord.xyz,disposable
liyao.edu.kg,disposable
lizery.com,disposable
lkgn.se,disposable
llciuoau.top,disposable
llogin.ru,disposable
lloudfsxly.top,disposable
lnovic.com,disposable
lnwtt.com,disposable
loadby.us,disposable
loan101.pro,disposable
loaoa.com,disposable
loapq.com,disposable
locanto1.club,disposable
locantofuck.top,disposable
locantowsite.club,disposable
locawin.com,disposable
locomodev.net,disposable
loganister.com,disposable
logicfieldzen.com,disposable
logicstreak.com,disposable
login-email.cf,disposable
login-email.ga,disposable
login-email.ml,disposable
login-email.tk,disposable
logsmarter.net,disposable
logular.com,disposable
loh.pp.ua,disposable
lohinja.com,disposable
loin.in,disposable
lokenathassociation.co.uk,disposable
lolfreak.net,disposable
lolmail.biz,disposable
lonaxter.site,disposable
londonyouthsailing.org,disposable
longsbkt.xyz,disposable
lookugly.com,disposable
lordfortescue.news,disposable
lordfortescue.org.uk,disposable
lordofmysteries.org,disposable
lordsofts.com,disposable
lortemail.dk,disposable
losemymail.com,disposable
lostnow.org,disposable
love-your.mom,disposable
lovecalculatorname.org,disposable
lovecv.cn,disposable
lovegivingsadaqah.org,disposable
lovemeet.faith,disposable
lovemeleaveme.com,disposable
lovepet.vip,disposable
lovertboy.online,disposable
loveuu.xyz,disposable
lowprizo.com,disposable
lpfmgmtltd.com,disposable
lqkrxvc.loseyourip.com,disposable
lr7.us,disposable
lr78.com,disposable
lroid.com,disposable
lru.me,disposable
ls-server.ru,disposable
lsaar.com,disposable
lsbl6fq.mywire.org,disposable
lsd10086.ccwu.cc,disposable
lsd8866.ccwu.cc,disposable
lsereborn.com,disposable
lsirdomain.us.ci,disposable
lsyx24.com,disposable
lu1mtac.ooguy.com,disposable
luckfeed.com,disposable
luckymail.org,disposable
luffygadgets.com,disposable
lujialu.edu.kg,disposable
lujian.de5.net,disposable
lukecarriere.com,disposable
lukemail.info,disposable
lukop.dk,disposable
lum25kcredit.io.vn,disposable
lumeika.com,disposable
lumg.uk,disposable
luminexis.cfd,disposable
luminix1.shop,disposable
lumm25k.io.vn,disposable
lumyrix.cfd,disposable
lunarmoon.online,disposable
lunetra.shop,disposable
lunor.cfd,disposable
lushiyi.eu.cc,disposable
lushosa.com,disposable
lutech.uk,disposable
luv2.us,disposable
luxentra.cfd,disposable
luxovira.cfd,disposable
luxudata.com,disposable
lxbeta.com,disposable
lxydawang.top,disposable
lydir.com,disposable
lyfestylecreditsolutions.com,disposable
lyft.live,disposable
lympstonevillagehall.co.uk,disposable
lynex.sbs,disposable
lynwise.shop,disposable
lyricspad.net,disposable
lyxhzz.com.cn,disposable
lzoaq.com,disposable
m21.cc,disposable
m4ilweb.info,disposable
ma1l.duckdns.org,disposable
mabal.fr.nf,disposable
maboard.com,disposable
mabox.eu,disposable
mac-24.com,disposable
machen-wir.com,disposable
macmail.info,disposable
macos.one,disposable
macr2.com,disposable
macromaid.com,disposable
macromice.info,disposable
magamail.com,disposable
magbit.food,disposable
maggotymeat.ga,disposable
magicbox.ro,disposable
magim.be,disposable
magspam.net,disposable
maidlow.info,disposable
mail-card.net,disposable
mail-easy.fr,disposable
mail-filter.com,disposable
mail-help.net,disposable
mail-hosting.co,disposable
mail-hub.info,disposable
mail-mario.fr.nf,disposable
mail-now.top,disposable
mail-owl.com,disposable
mail-share.com,disposable
mail-temporaire.com,disposable
mail-temporaire.fr,disposable
mail-tester.com,disposable
mail.by,disposable
mail.gw,disposable
mail.tm,disposable
mail.wtf,disposable
mail0.ga,disposable
mail1.top,disposable
mail101.xyz,disposable
mail10m.com,disposable
mail11.xyz,disposable
mail114.net,disposable
mail12h.com,disposable
mail1a.de,disposable
mail1web.org,disposable
mail21.cc,disposable
mail22.club,disposable
mail2rss.org,disposable
mail333.com,disposable
mail4.uk,disposable
mail4qa.com,disposable
mail4trash.com,disposable
mail666.ru,disposable
mail7.io,disposable
mail707.com,disposable
mail72.com,disposable
mail789.dedyn.io,disposable
mailaddress.de,disposable
mailadresi.tk,disposable
mailapp.top,disposable
mailapril.org,disposable
mailba.uk,disposable
mailback.com,disposable
mailbai.com,disposable
mailbali.com,disposable
mailbidon.com,disposable
mailbiscuit.com,disposable
mailbiz.biz,disposable
mailblocks.com,disposable
mailbox.in.ua,disposable
mailbox.zip,disposable
mailbox49.com,disposable
mailbox52.ga,disposable
mailbox80.biz,disposable
mailbox82.biz,disposable
mailbox87.de,disposable
mailbox92.biz,disposable
mailboxify.ru,disposable
mailboxify.store,disposable
mailboxly.ru,disposable
mailboxly.store,disposable
mailboxy.fun,disposable
mailboxy.ru,disposable
mailboxy.store,disposable
mailbucket.org,disposable
mailcat.biz,disposable
mailcatch.com,disposable
mailchannels.de,disposable
mailchatgpt.eu.cc,disposable
mailchop.com,disposable
mailcker.com,disposable
mailclone2023.top,disposable
maildax.me,disposable
mailde.de,disposable
mailde.info,disposable
maildrop.cc,disposable
maildrop.cf,disposable
maildrop.ga,disposable
maildrop.gq,disposable
maildrop.ml,disposable
maildu.de,disposable
maildx.com,disposable
maildy.site,disposable
maileater.com,disposable
mailed.in,disposable
mailed.ro,disposable
mailedu.edu.pl,disposable
maileimer.de,disposable
maileme101.com,disposable
mailer.edu.pl,disposable
mailer.io.vn,disposable
mailers.edu.pl,disposable
mailexpire.com,disposable
mailf5.com,disposable
mailfa.tk,disposable
mailfall.com,disposable
mailfast.pro,disposable
mailfirefly.com,disposable
mailfirst.icu,disposable
mailfor1month.shop,disposable
mailforgo.site,disposable
mailforspam.com,disposable
mailfortiktok.us,disposable
mailfree.ga,disposable
mailfree.gq,disposable
mailfree.ml,disposable
mailfreeonline.com,disposable
mailfs.com,disposable
mailgo.cyou,disposable
mailguard.me,disposable
mailgutter.com,disposable
mailhazard.com,disposable
mailhazard.us,disposable
mailhex.com,disposable
mailhz.me,disposable
mailimate.com,disposable
mailin8r.com,disposable
mailinatar.com,disposable
mailinater.com,disposable
mailinator.co.uk,disposable
mailinator.com,disposable
mailinator.gq,disposable
mailinator.info,disposable
mailinator.net,disposable
mailinator.org,disposable
mailinator.us,disposable
mailinator0.com,disposable
mailinator1.com,disposable
mailinator2.com,disposable
mailinator2.net,disposable
mailinator3.com,disposable
mailinator4.com,disposable
mailinator5.com,disposable
mailinator6.com,disposable
mailinator7.com,disposable
mailinator8.com,disposable
mailinator9.com,disposable
mailincubator.com,disposable
mailisia.com,disposable
mailismagic.com,disposable
mailita.tk,disposable
mailjunk.cf,disposable
mailjunk.ga,disposable
mailjunk.gq,disposable
mailjunk.ml,disposable
mailjunk.tk,disposable
mailku.co,disposable
mailllshop.website,disposable
maillog.uk,disposable
mailmagnet.co,disposable
mailmate.com,disposable
mailmaxy.one,disposable
mailmay.org,disposable
mailme.gq,disposable
mailme.ir,disposable
mailme.lv,disposable
mailme24.com,disposable
mailmenot.io,disposable
mailmetrash.com,disposable
mailmoat.com,disposable
mailmoth.com,disposable
mailms.com,disposable
mailna.biz,disposable
mailna.co,disposable
mailna.in,disposable
mailna.me,disposable
mailnada.cc,disposable
mailnada.com,disposable
mailnator.com,disposable
mailnesia.com,disposable
mailnet.io.vn,disposable
mailnoop.store,disposable
mailnull.com,disposable
mailnuo.com,disposable
mailo.edu.pl,disposable
mailold.us,disposable
mailonaut.com,disposable
mailorc.com,disposable
mailorg.org,disposable
mailosaur.net,disposable
mailox.fun,disposable
mailp.org,disposable
mailphu.com,disposable
mailpick.biz,disposable
mailpluss.com,disposable
mailpooch.com,disposable
mailpoof.com,disposable
mailpress.gq,disposable
mailpro.lat,disposable
mailpro.live,disposable
mailproxsy.com,disposable
mailpts.com,disposable
mailpull.com,disposable
mailquack.com,disposable
mailrock.biz,disposable
mailrun.one,disposable
mailsa.biz.id,disposable
mailsa.my.id,disposable
mailsac.com,disposable
mailsafe.fr.nf,disposable
mailsbay.com,disposable
mailscrap.com,disposable
mailseal.de,disposable
mailserv.info,disposable
mailshan.com,disposable
mailshell.com,disposable
mailshiv.com,disposable
mailshou.com,disposable
mailshun.com,disposable
mailsiphon.com,disposable
mailslapping.com,disposable
mailslite.com,disposable
mailslurp.com,disposable
mailsucker.net,disposable
mailt.net,disposable
mailt.top,disposable
mailtao.me,disposable
mailtechx.com,disposable
mailtecom.com,disposable
mailtemp.info,disposable
mailtemple.xyz,disposable
mailtemporaire.com,disposable
mailtemporaire.fr,disposable
mailtest.ccwu.cc,disposable
mailto.plus,disposable
mailtome.de,disposable
mailtothis.com,disposable
mailtraps.com,disposable
mailtrash.net,disposable
mailtrix.net,disposable
mailtub.com,disposable
mailtv.net,disposable
mailtv.tv,disposable
mailuniverse.co.uk,disposable
mailvip.net,disposable
mailw.site,disposable
mailx.click,disposable
mailxyz.cyou,disposable
mailyan.my.id,disposable
mailzi.ru,disposable
mailzilla.com,disposable
mailzilla.org,disposable
mailzy.org,disposable
mainerfolg.info,disposable
mainkask.site,disposable
make.cc.cd,disposable
makemenaughty.club,disposable
makemetheking.com,disposable
makeraura.online,disposable
makertrial.com,disposable
makmursrondol.store,disposable
makoli.sbs,disposable
makoli.space,disposable
malahov.de,disposable
malayalamdtp.com,disposable
malioter.pro,disposable
mama3.org,disposable
mamabood.com,disposable
mamangbadrut.site,disposable
mameganteng.store,disposable
mamulenok.ru,disposable
managedisabled.online,disposable
mandraghen.cf,disposable
manhmmonew.online,disposable
manifestgenerator.com,disposable
mannawo.com,disposable
mansiondev.com,disposable
maohe.cloud,disposable
mapsguy.com,disposable
marchguidesassociation.org,disposable
marchguidesassociation.org.uk,disposable
marhumal.tech,disposable
marineso.com,disposable
mariyaa.pp.ua,disposable
mark-compressoren.ru,disposable
markableytrust.org.uk,disposable
markandvirginiarometty.org,disposable
marketlink.info,disposable
markmurfin.com,disposable
marrytodo.de,disposable
martenson-mail.mywire.org,disposable
martenson-mail.ooguy.com,disposable
martenson-mail.theworkpc.com,disposable
masbahlil.xyz,disposable
mask03.ru,disposable
maskmy.id,disposable
masonline.info,disposable
masteryforn.shop,disposable
maswae.world,disposable
matamuasu.ga,disposable
matchpol.net,disposable
matjoa.com,disposable
matmayer.com,disposable
matra.site,disposable
max-mail.org,disposable
maxresistance.com,disposable
maxseeding.com,disposable
maxtanie.com,disposable
maxturns.com,disposable
mayre.shop,disposable
mbox.re,disposable
mbx.cc,disposable
mbygjjo.mywire.org,disposable
mc-fly.be,disposable
mc088ue.loseyourip.com,disposable
mcache.net,disposable
mcdomaine.fr.nf,disposable
mchasd.eu.cc,disposable
mciek.com,disposable
mcpservers.one,disposable
mcs.cc.cd,disposable
mcunnm.ccwu.cc,disposable
mdahld.eu.cc,disposable
mdhc.tk,disposable
mdz.email,disposable
meantinc.com,disposable
mebeiuk.co.uk,disposable
mebelnu.info,disposable
mech2build.io.vn,disposable
mechanicalresumes.com,disposable
mechanicspedia.com,disposable
medevsa.com,disposable
mediaeast.uk,disposable
mediaholy.com,disposable
medicichoir.org,disposable
mediseat.com,disposable
medkabinet-uzi.ru,disposable
meef.uk,disposable
meepsheep.eu,disposable
meevpo.id,disposable
megasend.org,disposable
mehda.eu.cc,disposable
mehr-bitcoin.de,disposable
meidecn.com,disposable
meikeya.com,disposable
meinspamschutz.de,disposable
meituy.com,disposable
mekqh.eu.cc,disposable
melbourne.edu.pl,disposable
meltedbrownies.com,disposable
meltmail.com,disposable
meltp.com,disposable
memeazon.com,disposable
memoniclife.online,disposable
memsg.site,disposable
meng2026.bond,disposable
meng2026.cyou,disposable
mengma.eu.cc,disposable
mengundang.live,disposable
mentonit.net,disposable
meocon.org,disposable
meomo.store,disposable
meonvr.com,disposable
mepost.pw,disposable
merepost.com,disposable
merry.pink,disposable
meruado.uk,disposable
merumart.com,disposable
merxo.me,disposable
mesemails.fr.nf,disposable
mess-mails.fr.nf,disposable
messagebeamer.de,disposable
messibucu.click,disposable
messwiththebestdielikethe.rest,disposable
meta.aid.pl,disposable
meta.auto.pl,disposable
meta.corsica,disposable
meta.mail.pl,disposable
metadownload.org,disposable
metaintern.net,disposable
metajaya.biz.id,disposable
metalunits.com,disposable
metaorbitx.com,disposable
metas.io.vn,disposable
mexvat.com,disposable
mezimages.net,disposable
mfapi.dpdns.org,disposable
mfsa.info,disposable
mfsa.ru,disposable
mfunza.com,disposable
mfxis.com,disposable
mgtop.cc,disposable
mgxianlu.gq,disposable
mhzayt.online,disposable
miaferrari.com,disposable
mianfeibuluo.com,disposable
miaowuai.buzz,disposable
miauj.com,disposable
michaeladmin.eu,disposable
michaeladmin.fr,disposable
michaeladmin.org,disposable
michaeladmin.store,disposable
mickaben.fr.nf,disposable
midcoastcustoms.com,disposable
midcoastcustoms.net,disposable
midcoastsolutions.com,disposable
midcoastsolutions.net,disposable
middletoncheneyuc.uk,disposable
mideastlens.com,disposable
mideastview.com,disposable
midiharmonica.com,disposable
midlertidig.com,disposable
midlertidig.net,disposable
midlertidig.org,disposable
midwestpride.org,disposable
mierdamail.com,disposable
migmail.net,disposable
migmail.pl,disposable
migumail.com,disposable
mihep.com,disposable
miistermail.fr,disposable
mijnhva.nl,disposable
mikfarm.com,disposable
mikrotikvietnam.com,disposable
mikrotikvn.com,disposable
mikrotikx.com,disposable
mikumirai.top,disposable
miloras.fr.nf,disposable
minefieldmail.com,disposable
minhquang2000.com,disposable
minidmx.icu,disposable
minimail.gq,disposable
ministry-of-silly-walks.de,disposable
minitts.net,disposable
minsmail.com,disposable
mintemail.com,disposable
minuteafter.com,disposable
minuteinbox.com,disposable
mirai.re,disposable
mirasync.tokyo,disposable
miros.cloud,disposable
missionbulldogs.org,disposable
misterpinball.de,disposable
mitico.org,disposable
mitrabisa.com,disposable
mitraprem.online,disposable
mitraprem.site,disposable
miucce.com,disposable
miwacle.com,disposable
mixmail.site,disposable
mixzu.net,disposable
mji.ro,disposable
mjj.edu.ge,disposable
mjukglass.nu,disposable
mkeya.com,disposable
mkpfilm.com,disposable
mkseiuuda.top,disposable
mkvesta.io.vn,disposable
mkzaso.com,disposable
ml8.ca,disposable
mlanm.online,disposable
mlgmail.top,disposable
mliok.com,disposable
mlumzmh.cn,disposable
mm.my,disposable
mm2flip.pw,disposable
mm5.se,disposable
mmaily.com,disposable
mmcat.icu,disposable
mmdesign.work.gd,disposable
mmmggg0123.ccwu.cc,disposable
mmmo.us.ci,disposable
mmo.us.ci,disposable
mmo365.store,disposable
mmyuu.cn,disposable
mnode.me,disposable
mnvr.site,disposable
moakt.cc,disposable
moakt.co,disposable
moakt.com,disposable
moakt.ws,disposable
mobileninja.co.uk,disposable
mobilevpn.top,disposable
moburl.com,disposable
mockata.net,disposable
mockmyid.com,disposable
modirosa.com,disposable
modolku.store,disposable
moeri.org,disposable
mofu.be,disposable
mohmal.com,disposable
mohmal.im,disposable
mohmal.in,disposable
mohmal.tech,disposable
moimoi.re,disposable
mokondo.today,disposable
mokondoo.cyou,disposable
mokook.com,disposable
molabo.bond,disposable
moldind.help,disposable
molms.com,disposable
momentics.ru,disposable
momoi.uk,disposable
momopifa.cc.cd,disposable
mona.edu.kg,disposable
mona.edu.pl,disposable
mona.edu.rs,disposable
monachat.tk,disposable
monadi.ml,disposable
monchu.fr,disposable
moncourrier.fr.nf,disposable
mondial.asso.st,disposable
monemail.fr.nf,disposable
moneypipe.net,disposable
monglung.space,disposable
mongrec.top,disposable
monity.top,disposable
monmail.fr.nf,disposable
monomoho.site,disposable
monopacket.com,disposable
monumentmail.com,disposable
monyal.shop,disposable
moolee.net,disposable
moonapps.org,disposable
moondyal.com,disposable
moonfee.com,disposable
moonikent.us,disposable
moonwake.com,disposable
mooo.com,disposable
moot.es,disposable
mopess.help,disposable
mora45ktil.io.vn,disposable
moreawesomethanyou.com,disposable
moreorcs.com,disposable
morriesworld.ml,disposable
morsin.com,disposable
moruzza.com,disposable
mosswoodmissionhall.bio,disposable
motion.jo3.org,disposable
motique.de,disposable
mountainregionallibrary.net,disposable
moutianwuliu.top,disposable
mowline.com,disposable
mox.pp.ua,disposable
moy-elektrik.ru,disposable
moyang303.de5.net,disposable
moza.pl,disposable
mozej.com,disposable
mp-j.ga,disposable
mp3oxi.com,disposable
mpk.ovh,disposable
mr-email.fr.nf,disposable
mr24.co,disposable
mrcheannko45k.io.vn,disposable
mriscan.live,disposable
mriscanner.live,disposable
mrizkifreelace.dpdns.org,disposable
mrotzis.com,disposable
mrphoto.org,disposable
mrvpm.net,disposable
mrvpt.com,disposable
msarra.com,disposable
msgos.com,disposable
msn-mail-free-1.dynv6.net,disposable
msn-mail-free-1092.dynv6.net,disposable
msn-mail-free-1268.dynv6.net,disposable
msn-mail-free-1522.dynv6.net,disposable
msn-mail-free-1659.dynv6.net,disposable
msn-mail-free-1750.dynv6.net,disposable
msn-mail-free-189.dynv6.net,disposable
msn-mail-free-1974.dynv6.net,disposable
msn-mail-free-1980.dynv6.net,disposable
msn-mail-free-2112.dynv6.net,disposable
msn-mail-free-2193.dynv6.net,disposable
msn-mail-free-2205.dynv6.net,disposable
msn-mail-free-2634.dynv6.net,disposable
msn-mail-free-2681.dynv6.net,disposable
msn-mail-free-3011.dynv6.net,disposable
msn-mail-free-3229.dynv6.net,disposable
msn-mail-free-3232.dynv6.net,disposable
msn-mail-free-3270.dynv6.net,disposable
msn-mail-free-33.dynv6.net,disposable
msn-mail-free-3312.dynv6.net,disposable
msn-mail-free-3373.dynv6.net,disposable
msn-mail-free-3414.dynv6.net,disposable
msn-mail-free-3622.dynv6.net,disposable
msn-mail-free-3632.dynv6.net,disposable
msn-mail-free-3737.dynv6.net,disposable
msn-mail-free-3812.dynv6.net,disposable
msn-mail-free-4062.dynv6.net,disposable
msn-mail-free-4088.dynv6.net,disposable
msn-mail-free-4151.dynv6.net,disposable
msn-mail-free-4290.dynv6.net,disposable
msn-mail-free-4304.dynv6.net,disposable
msn-mail-free-4411.dynv6.net,disposable
msn-mail-free-4518.dynv6.net,disposable
msn-mail-free-4640.dynv6.net,disposable
msn-mail-free-4718.dynv6.net,disposable
msn-mail-free-4868.dynv6.net,disposable
msn-mail-free-5064.dynv6.net,disposable
msn-mail-free-5162.dynv6.net,disposable
msn-mail-free-5184.dynv6.net,disposable
msn-mail-free-5198.dynv6.net,disposable
msn-mail-free-5402.dynv6.net,disposable
msn-mail-free-5415.dynv6.net,disposable
msn-mail-free-554.dynv6.net,disposable
msn-mail-free-5696.dynv6.net,disposable
msn-mail-free-5718.dynv6.net,disposable
msn-mail-free-5872.dynv6.net,disposable
msn-mail-free-6047.dynv6.net,disposable
msn-mail-free-6113.dynv6.net,disposable
msn-mail-free-6326.dynv6.net,disposable
msn-mail-free-6581.dynv6.net,disposable
msn-mail-free-6589.dynv6.net,disposable
msn-mail-free-6760.dynv6.net,disposable
msn-mail-free-678.dynv6.net,disposable
msn-mail-free-6877.dynv6.net,disposable
msn-mail-free-6883.dynv6.net,disposable
msn-mail-free-6906.dynv6.net,disposable
msn-mail-free-6943.dynv6.net,disposable
msn-mail-free-6959.dynv6.net,disposable
msn-mail-free-6981.dynv6.net,disposable
msn-mail-free-708.dynv6.net,disposable
msn-mail-free-7155.dynv6.net,disposable
msn-mail-free-727.dynv6.net,disposable
msn-mail-free-733.dynv6.net,disposable
msn-mail-free-7424.dynv6.net,disposable
msn-mail-free-7429.dynv6.net,disposable
msn-mail-free-7434.dynv6.net,disposable
msn-mail-free-7509.dynv6.net,disposable
msn-mail-free-7570.dynv6.net,disposable
msn-mail-free-7742.dynv6.net,disposable
msn-mail-free-7760.dynv6.net,disposable
msn-mail-free-8047.dynv6.net,disposable
msn-mail-free-810.dynv6.net,disposable
msn-mail-free-8131.dynv6.net,disposable
msn-mail-free-8282.dynv6.net,disposable
msn-mail-free-8582.dynv6.net,disposable
msn-mail-free-86.dynv6.net,disposable
msn-mail-free-8632.dynv6.net,disposable
msn-mail-free-8704.dynv6.net,disposable
msn-mail-free-8776.dynv6.net,disposable
msn-mail-free-8841.dynv6.net,disposable
msn-mail-free-890.dynv6.net,disposable
msn-mail-free-8952.dynv6.net,disposable
msn-mail-free-8986.dynv6.net,disposable
msn-mail-free-9002.dynv6.net,disposable
msn-mail-free-9061.dynv6.net,disposable
msn-mail-free-9121.dynv6.net,disposable
msn-mail-free-9173.dynv6.net,disposable
msn-mail-free-9224.dynv6.net,disposable
msn-mail-free-9313.dynv6.net,disposable
msn-mail-free-9368.dynv6.net,disposable
msn-mail-free-9382.dynv6.net,disposable
msn-mail-free-9444.dynv6.net,disposable
msn-mail-free-9536.dynv6.net,disposable
msn-mail-free-9587.dynv6.net,disposable
msn-mail-free-9597.dynv6.net,disposable
msn-mail-free-9649.dynv6.net,disposable
msn-mail-free-9734.dynv6.net,disposable
msn-mail-free-9921.dynv6.net,disposable
msn-mail-free-9990.dynv6.net,disposable
msn-mail-free-9998.dynv6.net,disposable
mspeciosa.com,disposable
msqatl.com,disposable
msrc.ml,disposable
msssg.com,disposable
mswork.ru,disposable
msxd.com,disposable
mt2009.com,disposable
mt2014.com,disposable
mt2015.com,disposable
mtdalmshouse.fitness,disposable
mtdalmshouse.uk,disposable
mtdog.xyz,disposable
mtmdev.com,disposable
mtnewtoy.us,disposable
mtshop18.io.vn,disposable
muadaingan.com,disposable
muareview.com,disposable
muataikhoan.info,disposable
muathegame.com,disposable
muchomail.com,disposable
mucincanon.com,disposable
mudahmaxwin.com,disposable
muehlacker.tk,disposable
muell.icu,disposable
muell.io,disposable
muell.monster,disposable
muell.xyz,disposable
muellemail.com,disposable
muellmail.com,disposable
muetop.store,disposable
mugadget.com,disposable
mui.cc.cd,disposable
mui.de5.net,disposable
multicorse.com,disposable
muncloud.com,disposable
munik.edu.pl,disposable
munoubengoshi.gq,disposable
muonwhila.com,disposable
muralin-aja.com,disposable
muratec.eu.org,disposable
muratreis.icu,disposable
musiccode.me,disposable
musicflow.buzz,disposable
musiku.studio,disposable
mutant.me,disposable
mutudev.com,disposable
mvpmedix.com,disposable
mvrht.com,disposable
mvrht.net,disposable
mwalshabs.dev,disposable
mwarner.org,disposable
mwqj.xyz,disposable
mxclip.com,disposable
mxfuel.com,disposable
mxhquxyi.top,disposable
mxvia.com,disposable
my-pomsies.ru,disposable
my-teddyy.ru,disposable
my10minutemail.com,disposable
myamya.tech,disposable
mybitti.de,disposable
mycleaninbox.net,disposable
mycorneroftheinter.net,disposable
mycreativeinbox.com,disposable
myde.ml,disposable
mydefipet.live,disposable
mydemo.equipment,disposable
myecho.es,disposable
myemailboxy.com,disposable
myerly.com,disposable
myfxspot.com,disposable
mygeoweb.info,disposable
myhochzeitsfilm.de,disposable
myhosrn.servehalflife.com,disposable
myindohome.services,disposable
myinfoinc.com,disposable
myinterserver.ml,disposable
mykickassideas.com,disposable
myletters.online,disposable
mymail-in.net,disposable
mymail.infos.st,disposable
mymail90.com,disposable
mymaildo.kro.kr,disposable
mymailoasis.com,disposable
mymaily.lol,disposable
mymrxuyrd.top,disposable
mynes.com,disposable
mynetstore.de,disposable
mynoop.store,disposable
myntora.cfd,disposable
myopang.com,disposable
mypacks.net,disposable
mypartyclip.de,disposable
mypdj08.mywire.org,disposable
myphantomemail.com,disposable
mypk.beer,disposable
mysadfjwefwf.us.ci,disposable
mysamp.de,disposable
myself.fr.nf,disposable
myspaceinc.com,disposable
myspaceinc.net,disposable
myspaceinc.org,disposable
myspacepimpedup.com,disposable
myspamless.com,disposable
mystvpn.com,disposable
mysugartime.ru,disposable
mytemp.email,disposable
mytempemail.com,disposable
mytempmail.com,disposable
mytrashmail.com,disposable
mywarnernet.net,disposable
myweblaw.com,disposable
mywrld.site,disposable
mywrld.top,disposable
myxentra.cfd,disposable
myzx.com,disposable
mzico.com,disposable
n1nja.org,disposable
n24n8x9.giize.com,disposable
n8.gs,disposable
na-cat.com,disposable
na3qxuk.kozow.com,disposable
naacpadvancement.org,disposable
naah.ru,disposable
naah.store,disposable
nabaxox.edu.pl,disposable
nabilalo.bond,disposable
nabomail.com,disposable
nabuma.com,disposable
nada.email,disposable
nada.ltd,disposable
nagi.be,disposable
nailooong.site,disposable
naka.edu.pl,disposable
nakedtruth.biz,disposable
namdevmail2.qzz.io,disposable
namenan.me,disposable
namewok.com,disposable
nangspa.vn,disposable
naniniva.com,disposable
nanonym.ch,disposable
nanopools.info,disposable
nanoskin.vn,disposable
naobk.com,disposable
naocan.org,disposable
napthex4.com,disposable
narrowment.com,disposable
narsub.online,disposable
narsub.shop,disposable
nashapoultryshop.com,disposable
naslazhdai.ru,disposable
natachai.me,disposable
natange.org.uk,disposable
nategetvpn.store,disposable
nationalgardeningclub.com,disposable
natuanal.com,disposable
nautonk.com,disposable
navalcadets.com,disposable
naverapp.com,disposable
naverly.com,disposable
navermail.kr,disposable
navura.in,disposable
nawmin.info,disposable
naxx.dev,disposable
naylonksosmed.com,disposable
naymedia.com,disposable
nazisat.com,disposable
nbmbb.com,disposable
nbskyhope.shop,disposable
nbspace.us,disposable
nbvrluhsh.top,disposable
nbzmr.com,disposable
ncfx.beer,disposable
ncien.com,disposable
ndade.eu.cc,disposable
ndnphim.io.vn,disposable
ndut.pro,disposable
neatdaynote.com,disposable
necub.com,disposable
negated.com,disposable
neghtlefi.com,disposable
neko2.net,disposable
nekochan.fr,disposable
nekosan.uk,disposable
neomailbox.com,disposable
neosstudy.work,disposable
neotlozhniy-zaim.ru,disposable
neowd.com,disposable
nepwk.com,disposable
neroki.shop,disposable
nervmich.net,disposable
nervtmich.net,disposable
nesopf.com,disposable
nespf.com,disposable
nespj.com,disposable
nespressopixie.com,disposable
nestlynotes.com,disposable
net1mail.com,disposable
netcnet.uk,disposable
netcom.ws,disposable
netfusionhub.surf,disposable
netfxd.com,disposable
netherfieldvillagehall.co.uk,disposable
nethubmail.net,disposable
netmails.com,disposable
netmails.net,disposable
netn.top,disposable
netoiu.com,disposable
netricity.nl,disposable
netris.net,disposable
netviewer-france.com,disposable
networksolutionshk.asia,disposable
netzidiot.de,disposable
nevanata.com,disposable
nevermail.de,disposable
neverover.life,disposable
new-api.cc.cd,disposable
newaddr.com,disposable
newbpotato.tk,disposable
newbreedapps.com,disposable
newconnect.uk,disposable
newdelhi.io.vn,disposable
newfilm24.ru,disposable
newgreenpath.org,disposable
newideasfornewpeople.info,disposable
newmail.top,disposable
newmano.store,disposable
newsteadabbeypartnership.org,disposable
newyork.io.vn,disposable
nexarisystems.online,disposable
nexarsh.store,disposable
nexarshop.store,disposable
nexentia.cfd,disposable
nexio.sbs,disposable
nexorabio.pro.vn,disposable
nexosphere.lifestyle,disposable
next.ovh,disposable
nextmail.info,disposable
nextpomi.dynv6.net,disposable
nextstopvalhalla.com,disposable
nextsuns.com,disposable
nexus-streams.online,disposable
nexushost.site,disposable
nexverseal.shop,disposable
nezdiro.org,disposable
nezid.com,disposable
nezuka.net,disposable
nezumi.be,disposable
nezzart.com,disposable
nfast.net,disposable
nfengwu.bond,disposable
nfkah.eu.cc,disposable
nghienplus.io.vn,disposable
nghienplus.store,disposable
nguyendanhkietisocial.com,disposable
nguyenlieu24h.com,disposable
nguyentinhblog.com,disposable
nguyenusedcars.com,disposable
nh3.ro,disposable
nhienpv1.io.vn,disposable
nhmi1.com,disposable
nhmvn.com,disposable
nhoopmail.store,disposable
nhotv.com,disposable
nhungdang.xyz,disposable
niang-sfx.biz,disposable
nianshen09.help,disposable
nianshens.help,disposable
nice-4u.com,disposable
nice.qzz.io,disposable
nicebad.com,disposable
nicemail.cc,disposable
niceminute.com,disposable
nichaoxing.cc,disposable
nick-ao.com,disposable
nickmxh.com,disposable
nicknassar.com,disposable
nicusaurelus.online,disposable
nigeriansincoventry.org,disposable
nightfood.studio,disposable
nightorb.com,disposable
nik.edu.pl,disposable
nikora.fr.nf,disposable
nimbacharity.com,disposable
nincsmail.com,disposable
nincsmail.hu,disposable
ninepacman.com,disposable
niprack.com,disposable
niseko.be,disposable
niulaibulai.me,disposable
niwave.shop,disposable
niwave.top,disposable
niwl.net,disposable
njwzzvmtin.my,disposable
nlpdy8m.ooguy.com,disposable
nm123.com,disposable
nm7.cc,disposable
nmail.cf,disposable
nnh.com,disposable
nnnetworks.com,disposable
nnot.net,disposable
nnoway.ru,disposable
no-spam.ws,disposable
no-trash.ru,disposable
no-ux.com,disposable
no2bullyingatwork.org.uk,disposable
noblepioneer.com,disposable
nobugmail.com,disposable
nobulk.com,disposable
nobuma.com,disposable
noc5yva.theworkpc.com,disposable
noclickemail.com,disposable
nocp.ru,disposable
nocp.store,disposable
nodejs.uk,disposable
nodezine.com,disposable
noexpire.top,disposable
nogmailspam.info,disposable
noicd.com,disposable
noinspect.top,disposable
noizonicfoundation.com,disposable
nokdot.com,disposable
nokiamail.com,disposable
nolemail.ga,disposable
nolettersbox.com,disposable
nomail.cf,disposable
nomail.ga,disposable
nomail.pw,disposable
nomail2me.com,disposable
nomes.fr.nf,disposable
nomomail.com,disposable
nomorespamemails.com,disposable
nomorix.cfd,disposable
nonchalantresmita.biz,disposable
nondon.site,disposable
nondon.store,disposable
nongnue.com,disposable
nonspam.eu,disposable
nonspammer.de,disposable
nonze.ro,disposable
nooploop.store,disposable
noopmail.com,disposable
noproposal.com,disposable
noref.in,disposable
noreply.fr,disposable
nori24.tv,disposable
norovpn.site,disposable
norseforce.com,disposable
northboveymeadow.business,disposable
northsixty.com,disposable
norvanta.cfd,disposable
norwegischlernen.info,disposable
noship.shop,disposable
noshiper.pro,disposable
nospam.fr.nf,disposable
nospam.today,disposable
nospam4.us,disposable
nospamfor.us,disposable
nospamthanks.info,disposable
nosubcriber.shop,disposable
notboxletters.com,disposable
nothingtoseehere.ca,disposable
notif.me,disposable
notipr.com,disposable
notlettersmail.com,disposable
notmailinator.com,disposable
notrnailinator.com,disposable
notsharingmy.info,disposable
novacontigencia.xyz,disposable
novaemail.com,disposable
novaprime.vip,disposable
novasub.click,disposable
novyrix.cfd,disposable
now.im,disposable
nowhere.org,disposable
nowmymail.com,disposable
nowmymail.net,disposable
nowrouter.store,disposable
nowtopzen.com,disposable
nowyoudme1.cc.cd,disposable
noyavip.com,disposable
noyp.fr.nf,disposable
nproxi.com,disposable
nqmo.com,disposable
nrbs.me,disposable
nrehi.com,disposable
nriza.com,disposable
nrlord.com,disposable
ns01.biz,disposable
nsvpn.com,disposable
nsyncxy.com,disposable
nthrl.com,disposable
ntlhelp.net,disposable
ntto.us,disposable
nttoadmin2.us,disposable
nu9233b.theworkpc.com,disposable
nubescontrol.com,disposable
nucleant.org,disposable
nuknjkv.ooguy.com,disposable
nulla.de5.net,disposable
nullbox.asia,disposable
nullbox.info,disposable
nuoifb.com,disposable
nuox.eu.org,disposable
nurfuerspam.de,disposable
nut.cc,disposable
nutpa.net,disposable
nuts2trade.com,disposable
nv6ei2v.kozow.com,disposable
nvhrw.com,disposable
nvqt304.xyz,disposable
nwldx.com,disposable
nwrlr.org,disposable
nwytg.com,disposable
nwytg.net,disposable
nxdbxd.top,disposable
nxirad.online,disposable
ny7.me,disposable
ny7u9qr.kozow.com,disposable
nyasan.com,disposable
nyfhk.com,disposable
nygren-realty.com,disposable
nygrenrealty.com,disposable
nypato.com,disposable
nyrmusic.com,disposable
nyxmail.pro,disposable
nyxpanel.xyz,disposable
nyxstores.id,disposable
o2stk.org,disposable
o2y50o5.loseyourip.com,disposable
o326lav.kozow.com,disposable
o7i.net,disposable
oakon.com,disposable
oalsp.com,disposable
obelion.cfd,disposable
obfusko.com,disposable
objectmail.com,disposable
obobbo.com,disposable
oborudovanieizturcii.ru,disposable
obxpestcontrol.com,disposable
ocbxpz3.camdvr.org,disposable
oceva.site,disposable
octovie.com,disposable
oczt15m.kozow.com,disposable
odaymail.com,disposable
odeask.com,disposable
odem.com,disposable
odnorazovoe.ru,disposable
oepia.com,disposable
oerpub.org,disposable
ofanda.com,disposable
officecombine.com,disposable
offshore-proxies.net,disposable
ofisher.net,disposable
ogoplace.pro,disposable
ogrencikredisi.org,disposable
ohaaa.de,disposable
ohgitu.me,disposable
ohi.tw,disposable
ohm.edu.pl,disposable
oida.icu,disposable
oiioii.email,disposable
oiioii.vip,disposable
oing.cf,disposable
okauq.store,disposable
okcdeals.com,disposable
okclprojects.com,disposable
okcx.edu.rs,disposable
okcxhssgk.top,disposable
okhko.com,disposable
okiae.com,disposable
okinawa.li,disposable
okrent.us,disposable
oku.ovh,disposable
oky.ovh,disposable
okzk.com,disposable
oldao.com,disposable
oliespace.id,disposable
oliespace.site,disposable
olimp-case.ru,disposable
olipii.com,disposable
olisup.cyou,disposable
oliviadiffuser.store,disposable
oloh.ru,disposable
oloh.store,disposable
olypmall.ru,disposable
omail.de,disposable
omail.pro,disposable
omanarts.com,disposable
omarnasrrr.com,disposable
omfg.run,disposable
omgheels.com,disposable
omkiujk.ddnsgeek.com,disposable
omnievents.org,disposable
omnilog.space,disposable
omnisent.cfd,disposable
omnivex.cfd,disposable
omonomon.shop,disposable
omtecha.com,disposable
onbap.com,disposable
one-mail.top,disposable
one-ml.com,disposable
one-sec-mail.site,disposable
one-time.email,disposable
one2mail.info,disposable
onekisspresave.com,disposable
onelettersmail.com,disposable
onemail.host,disposable
onemuou.com,disposable
oneoffemail.com,disposable
oneoffmail.com,disposable
onetm-ml.com,disposable
onetm.jp,disposable
onetopclick.online,disposable
oneummahorg.uk,disposable
onewaymail.com,disposable
onheb.com,disposable
onionred.com,disposable
oniventa.cfd,disposable
onlatedotcom.info,disposable
onldm.net,disposable
online.ms,disposable
onlinecmail.com,disposable
onlineidea.info,disposable
onlyapp.net,disposable
onmailflare.com,disposable
onqin.com,disposable
ontasa.com,disposable
ontyne.biz,disposable
oohioo.com,disposable
oolus.com,disposable
oonies-shoprus.ru,disposable
oooooooo.store,disposable
oopi.org,disposable
oosln.com,disposable
oovk.ru,disposable
oovk.store,disposable
ooxxoo.asia,disposable
ooynib.com,disposable
opayq.com,disposable
opelkun.net,disposable
opemails.com,disposable
openagent.cfd,disposable
openavz.com,disposable
openclawskill.shop,disposable
opendns.ro,disposable
openedclaw.top,disposable
openmail.pro,disposable
opentrash.com,disposable
openwrt.qzz.io,disposable
opihhushdjn.cyou,disposable
opmmedia.ga,disposable
oposite.org,disposable
opp24.com,disposable
opportunity-africa.com,disposable
optimaweb.me,disposable
optivex.cfd,disposable
opwebw.com,disposable
oranek.com,disposable
oravantis.cfd,disposable
oravell.cfd,disposable
orbit25k.io.vn,disposable
orbitxhive.com,disposable
orbixacoa.com,disposable
orceqjqw.top,disposable
ordinaryamerican.net,disposable
ordite.com,disposable
oreidresume.com,disposable
orgmail.pro,disposable
orgmbx.cc,disposable
orimassage.com,disposable
oroki.de,disposable
oronny.com,disposable
orsbap.com,disposable
ortogenmail.com,disposable
orwpaztm.cfd,disposable
osaxadinhos.com.br,disposable
oshietechan.link,disposable
oshjr-24.xyz,disposable
osifixtech.com.mx,disposable
oskarstalbergcitygenerator.com,disposable
ospirun.com,disposable
ostahie.com,disposable
ostinmail.com,disposable
osxofulk.com,disposable
otherinbox.com,disposable
otmail.jp,disposable
otpku.com,disposable
ottsathi.store,disposable
ouchcloud.com,disposable
ouk.me,disposable
oupul8b1k.bond,disposable
oupul8b1k.cyou,disposable
ourklips.com,disposable
ourl.me,disposable
ourpreviewdomain.com,disposable
outdaremusicdevon.org,disposable
outlawspam.com,disposable
outlook.edu.pl,disposable
outlookapp.tech,disposable
outlooks.bond,disposable
outmail.win,disposable
ovbest.com,disposable
ovomail.co,disposable
ovpn.to,disposable
owdrcro.giize.com,disposable
owleyes.ch,disposable
owlpic.com,disposable
ownsyou.de,disposable
owo-mailteam.bond,disposable
owo-mailteam.cyou,disposable
owovo.site,disposable
owube.com,disposable
oxfo.edu.pl,disposable
oxmail.homes,disposable
oxopoha.com,disposable
oyisam.my,disposable
oynsuxe.ooguy.com,disposable
ozatvn.com,disposable
ozm.fr,disposable
ozsaip.com,disposable
ozyl.de,disposable
p-aac.top,disposable
p-banlis.ru,disposable
p-kk2.icu,disposable
p-ttz.top,disposable
p-y.cc,disposable
p0dl9ik.giize.com,disposable
p2bvz.cyou,disposable
p33.org,disposable
p3t8dyv.mywire.org,disposable
p6vvvok.mywire.org,disposable
p71ce1m.com,disposable
p94y7ff.camdvr.org,disposable
pa9e.com,disposable
pachilly.com,disposable
packiu.com,disposable
padue.app,disposable
pagamenti.tk,disposable
paharpurmim.ga,disposable
pakadebu.ga,disposable
palaze.cc,disposable
paldonanamansilolo.online,disposable
paliospiti.com,disposable
pamaweb.com,disposable
pamil.fr.nf,disposable
pancakemail.com,disposable
pandorasboxproductions.org,disposable
panlix.cloud,disposable
papierkorb.me,disposable
paplease.com,disposable
para2019.ru,disposable
paratrabajar.xyz,disposable
parisdaily.fr,disposable
parlimentpetitioner.tk,disposable
parsitv.com,disposable
parthekio.live,disposable
parthxxtoasts.site,disposable
passeone.com,disposable
passeone.xyz,disposable
past-line.com,disposable
pastebitch.com,disposable
pastipremium.store,disposable
pastryofistanbul.com,disposable
patientlecadet.online,disposable
patity.com,disposable
patonce.com,disposable
pavilionx2.com,disposable
pawobby.cfd,disposable
paxlys.com,disposable
paylaar.com,disposable
payperex2.com,disposable
payspun.com,disposable
pazard.com,disposable
pazuric.com,disposable
pbhak.dev,disposable
pbis.beer,disposable
pbrg4fb.ooguy.com,disposable
pcaa.lol,disposable
pcbb.lol,disposable
pckage.com,disposable
pdf-cutter.com,disposable
pdood.com,disposable
pe.hu,disposable
peakinbox.net,disposable
pecinan.com,disposable
pecinan.net,disposable
pecinan.org,disposable
pelviro.sbs,disposable
penisgoes.in,disposable
penoto.tk,disposable
pepamail.com,disposable
pepbot.com,disposable
percyfx.com,disposable
pertera.com,disposable
peruss.biz.id,disposable
pesagilt.top,disposable
peterdethier.com,disposable
peterhe-ai.bond,disposable
petloca.com,disposable
petrzilka.net,disposable
pewpewpewpew.pw,disposable
pflege-schoene-haut.de,disposable
pfui.ru,disposable
phamay.com,disposable
phanmembanhang24h.com,disposable
phctool.com,disposable
philipdowney.com,disposable
phimib.com,disposable
phimteen.net,disposable
phmail.site,disposable
phmail.us,disposable
phone-elkey.ru,disposable
photo-impact.eu,disposable
photobrex.com,disposable
photomark.net,disposable
phpto.us,disposable
phucmmo.com,disposable
phuongnhicare.com,disposable
phuotngay.com,disposable
phyones.com,disposable
physcroenmail.com,disposable
physicaladithama.io,disposable
pi.vu,disposable
piaa.me,disposable
picdirect.net,disposable
pickuplanet.com,disposable
picturehostel.com,disposable
picturehostel.fr,disposable
picturehostel.org,disposable
picturehostel.store,disposable
pig.pp.ua,disposable
pigeonprotocol.com,disposable
pii.at,disposable
piki.si,disposable
pimpedupmyspace.com,disposable
pinehill-seattle.org,disposable
pingddns.net,disposable
pingir.com,disposable
pinkgreengenerator.me,disposable
pinpool.ai,disposable
pipemail.space,disposable
pipmmotube.store,disposable
pippoc.com,disposable
piscesbody.xyz,disposable
pisls.com,disposable
pitaniezdorovie.ru,disposable
pithu.org,disposable
pitiful.pp.ua,disposable
pivo-bar.ru,disposable
pivotylabs.pro,disposable
pixdd.com,disposable
pixelcroft.org,disposable
pixelgagnant.net,disposable
pixiil.com,disposable
pixoledge.net,disposable
pizu.ru,disposable
pizu.store,disposable
pizuhdev.work,disposable
pizzajunk.com,disposable
pjjkp.com,disposable
pkday.eu.cc,disposable
pkdigitalmart.site,disposable
placebomail10.com,disposable
plainhomehub.com,disposable
planworker.pro,disposable
pleasenoham.org,disposable
plenoryx.cfd,disposable
plexfirm.com,disposable
plexflux.app,disposable
plexolan.de,disposable
plhk.ru,disposable
pliz.fr.nf,disposable
ploae.com,disposable
ploki.fr,disposable
ploncy.com,disposable
plowcreek.org,disposable
plugintonature.org.uk,disposable
plw.me,disposable
pmail.site,disposable
pngrise.com,disposable
pntvipveo45k.io.vn,disposable
pnvipveo25k.io.vn,disposable
pobbofqd.top,disposable
poc4756bb.camdvr.org,disposable
pochtac.ru,disposable
poehali-otdihat.ru,disposable
pofmagic.com,disposable
pojok.ml,disposable
pokemail.net,disposable
pokemons1.fr.nf,disposable
pokiemobile.com,disposable
polarkingxx.ml,disposable
politikerclub.de,disposable
polkaroad.net,disposable
polvexar.space,disposable
polyfaust.net,disposable
polysolextcoin.cloud,disposable
pongpong.org,disposable
ponp.be,disposable
pooae.com,disposable
poofy.org,disposable
pookmail.com,disposable
poolemethodists.org.uk,disposable
pooo.ooguy.com,disposable
poopiebutt.club,disposable
popcornfarm7.com,disposable
popcornfly.com,disposable
popesodomy.com,disposable
popgx.com,disposable
poplk.com,disposable
popol.fr.nf,disposable
porjoton.com,disposable
porsh.net,disposable
porsilapongo.cl,disposable
portaltrendsarena.com,disposable
posdz.com,disposable
positivevoiceteesvalley.co.uk,disposable
posta.store,disposable
postacin.com,disposable
postbx.ru,disposable
postbx.store,disposable
postonline.me,disposable
poubelle-du.net,disposable
poubelle.fr.nf,disposable
poutineyourface.com,disposable
powerdea.me,disposable
powered.name,disposable
powerencry.com,disposable
powerscrews.com,disposable
powlearn.com,disposable
pox2.com,disposable
pozima.rest,disposable
pp-n6.top,disposable
pp-tw.cc,disposable
pp7rvv.com,disposable
pp9vdr0.ddnsfree.com,disposable
ppdf.cc,disposable
ppedu.pp.ua,disposable
ppetw.com,disposable
ppoo.ccwu.cc,disposable
pptrvv.com,disposable
pqoia.com,disposable
pratikmail.com,disposable
pratikmail.net,disposable
pratikmail.org,disposable
prazdnik-37.ru,disposable
prc.cx,disposable
predatorrat.cf,disposable
predatorrat.ga,disposable
predatorrat.gq,disposable
predatorrat.ml,disposable
predatorrat.tk,disposable
premiapp.com,disposable
premieragents.net,disposable
premierr.site,disposable
premigu.co,disposable
premirum.shop,disposable
premium-mail.fr,disposable
premiumonebd.store,disposable
premsy.net,disposable
prestige-leadership.org,disposable
prestore.space,disposable
pretreer.com,disposable
pricegh.com,disposable
pricegh.fun,disposable
pride-worldwi.de,disposable
primabananen.net,disposable
primalhigh.click,disposable
primejetnet.com,disposable
primered.shop,disposable
primtech.cn,disposable
prin.be,disposable
printz.site,disposable
prisonity.com,disposable
privacy-mail.top,disposable
privacy.net,disposable
privacyshield.cc,disposable
privatdemail.net,disposable
privmail.edu.pl,disposable
privo.edu.pl,disposable
privy-mail.com,disposable
privy-mail.de,disposable
privymail.de,disposable
priyo-mail.com,disposable
priyo.edu.pl,disposable
priyo.ovh,disposable
priyo.site,disposable
priyoemail.site,disposable
priyomail.in,disposable
priyomail.net,disposable
priyomail.top,disposable
priyomail.uk,disposable
priyomail.us,disposable
priyor.com,disposable
priyp.com,disposable
prkmail.xyz,disposable
pro-tag.org,disposable
pro5g.com,disposable
procrackers.com,disposable
productmm.shop,disposable
profast.top,disposable
prohade.com,disposable
prohisi.store,disposable
projectcl.com,disposable
promailt.com,disposable
promyvia.cfd,disposable
proprietativalcea.ro,disposable
propscore.com,disposable
prorises.com,disposable
prosocial.io.vn,disposable
protectsmail.net,disposable
protempmail.com,disposable
protonza.com,disposable
prout.be,disposable
proveity.com,disposable
proxy-gateway.net,disposable
proxymail.eu,disposable
proxyparking.com,disposable
prp-ppdt.app,disposable
prtnx.com,disposable
prtshr.com,disposable
prtz.eu,disposable
psai.run.place,disposable
psh.me,disposable
psles.com,disposable
psnator.com,disposable
psoxs.com,disposable
ptct.net,disposable
ptncereio.com,disposable
ptnstudio.vn,disposable
ptsculure.com,disposable
puabook.com,disposable
puffiqo.store,disposable
puglieisi.com,disposable
puji.pro,disposable
pulse25k.io.vn,disposable
pulsix.pw,disposable
pumpoly.com,disposable
punchbagartgallery.org.uk,disposable
punkass.com,disposable
punkproof.com,disposable
puppetmail.de,disposable
purcell.email,disposable
pureheart.org.uk,disposable
purelogistics.org,disposable
purifyzed.org,disposable
purmuttad.com,disposable
pursip.com,disposable
pushcom.store,disposable
pusmail.com,disposable
pussport.com,disposable
put2.net,disposable
puttanamaiala.tk,disposable
putthisinyourspamdatabase.com,disposable
puxa.top,disposable
pvnmax.space,disposable
pwpwa.com,disposable
pwrby.com,disposable
pwx129.love,disposable
pxlys.com,disposable
pyrosenex.cfd,disposable
pyskillsgame.com,disposable
q06htej.ddnsfree.com,disposable
q0y5ffo.kozow.com,disposable
q1zx2zj.camdvr.org,disposable
q7qipaa.kozow.com,disposable
qabq.com,disposable
qacmjeq.com,disposable
qaondqs.loseyourip.com,disposable
qasti.com,disposable
qazaxmj.theworkpc.com,disposable
qbfree.us,disposable
qc.to,disposable
qcgmtzhzh.top,disposable
qd.je,disposable
qd28max.eu.cc,disposable
qejjyl.com,disposable
qentic.shop,disposable
qeurtor.com,disposable
qexvhz.com,disposable
qhgs.com,disposable
qi3hav9.mywire.org,disposable
qiang66.ccwu.cc,disposable
qibl.at,disposable
qiott.com,disposable
qipmail.net,disposable
qiq.us,disposable
qisdo.com,disposable
qisoa.com,disposable
qiuvision.com,disposable
qjwlaaa.giize.com,disposable
qlhub.org.uk,disposable
qmrbe.com,disposable
qodiq.com,disposable
qoika.com,disposable
qopow.com,disposable
qoq.indevs.in,disposable
qpdm.beer,disposable
qq.my,disposable
qqcomeback.me,disposable
qrt8e6v.ddnsfree.com,disposable
qrxs6eh.giize.com,disposable
qrzzq7z.ooguy.com,disposable
qsl.ro,disposable
qsmail.cc.cd,disposable
qsuo.uno,disposable
qtum-ico.com,disposable
quadrafit.com,disposable
quantorynexus.space,disposable
quantumeridian.site,disposable
quarvex.cfd,disposable
quentavo.cfd,disposable
questtechsystems.com,disposable
quick-mail.cc,disposable
quickdrop.buzz,disposable
quickemail.info,disposable
quickinbox.com,disposable
quickmail.nl,disposable
quicksend.ch,disposable
quillet.eu,disposable
quinz.me,disposable
quipas.com,disposable
quixentra.cfd,disposable
quorixia.cfd,disposable
ququb.com,disposable
qvmao.com,disposable
qvttclass.us,disposable
qvy.me,disposable
qweasd123.cc.cd,disposable
qwertyhandsome.net,disposable
qwezxc321.cc.cd,disposable
qwickmail.com,disposable
qydxproapi.store,disposable
qytechs.cn,disposable
qzueos.com,disposable
r2money.io.vn,disposable
r4nd0m.de,disposable
r8cri1k.theworkpc.com,disposable
ra3.us,disposable
rabin.ca,disposable
rabiot.reisen,disposable
rabitex.com,disposable
racaho.com,disposable
rackabzar.com,disposable
racovor.com,disposable
radioastronomynet.com,disposable
rael.us,disposable
raetp9.com,disposable
rainbib.co.uk,disposable
rainbowly.ml,disposable
rajaiblis.com,disposable
raketenmann.de,disposable
raleigh-construction.com,disposable
ramcen.com,disposable
ramenmail.de,disposable
ramin200.site,disposable
ramizan.com,disposable
rancidhome.net,disposable
randol.infos.st,disposable
randomail.io,disposable
randomail.net,disposable
rapidefr.fr.nf,disposable
rapplo.com,disposable
rapt.be,disposable
raqid.com,disposable
ravavo.bond,disposable
ravc.beer,disposable
raveqxon.blog,disposable
raveqxon.store,disposable
rawr.foo,disposable
rax.la,disposable
raxtest.com,disposable
rayrayactive.com,disposable
razemail.com,disposable
razeny.com,disposable
razuz.com,disposable
rbb.org,disposable
rbmz.beer,disposable
rbs1.xyz,disposable
rc38643.ddnsfree.com,disposable
rcasd.com,disposable
rccgmanifestinghisglory.co.uk,disposable
rcpt.at,disposable
rdklcrv.xyz,disposable
rdlt0hi.mywire.org,disposable
rdsekaunx.top,disposable
re-gister.com,disposable
reacc.me,disposable
reality-concept.club,disposable
realize.edu.pl,disposable
reallymymail.com,disposable
realmail.co,disposable
realman.mywire.org,disposable
realmka.io,disposable
realquickemail.com,disposable
realseek.xyz,disposable
realtyalerts.ca,disposable
reapsa.com,disposable
reason.edu.pl,disposable
rebates.stream,disposable
receiveee.com,disposable
recipeforfailure.com,disposable
reclameaqui.services,disposable
recode.me,disposable
reconmail.com,disposable
recyclemail.dk,disposable
redbiodiesel.com,disposable
redfeathercrow.com,disposable
redi.fr.nf,disposable
rednotecreatoracademy.art,disposable
redproxies.com,disposable
reestore.site,disposable
refblogs.com,disposable
refk.site,disposable
reftoken.net,disposable
regapts.com,disposable
regbypass.com,disposable
regspaces.tk,disposable
regvippro.site,disposable
reimondo.com,disposable
rejectmail.com,disposable
rejo.technology,disposable
rekaer.com,disposable
relayne.top,disposable
reliable-mail.com,disposable
relieve.us.ci,disposable
remahankerupuk.com,disposable
remai.freeddns.org,disposable
remail.cf,disposable
remail.ga,disposable
remarkable.rocks,disposable
remind.edu.pl,disposable
remote.li,disposable
remoteflyer.co.uk,disposable
rensumo.top,disposable
rentaen.com,disposable
rentop.asia,disposable
renvotra.cfd,disposable
renydox.com,disposable
reovipvpn.top,disposable
replyloop.com,disposable
reportfresh.com,disposable
reptilegenetics.com,disposable
resgedvgfed.tk,disposable
resmso.com,disposable
restorationchurchtv.com,disposable
resumeforest.cn,disposable
reusable.email,disposable
reusecomputers.site,disposable
reverendneedham.co.uk,disposable
reviewfood.vn,disposable
revolvingdoorhoax.org,disposable
rewermail.com,disposable
rexabot.com,disposable
rexmoo.ccwu.cc,disposable
rexornge.net,disposable
rexornge.site,disposable
reymaticx.com,disposable
rezalabs.shop,disposable
rezato.com,disposable
rf.gd,disposable
rfc822.org,disposable
rfods.tech,disposable
rfzpnrbpv.top,disposable
rgbeastcomputers.site,disposable
rgwdomb.theworkpc.com,disposable
rhalmshouse.church,disposable
rhalmshouse.co.uk,disposable
rhyta.com,disposable
riazra.bond,disposable
ricardo0911.xyz,disposable
richfinances.pw,disposable
riddermark.de,disposable
riffproductions.co.uk,disposable
rifkian.ga,disposable
rifqysaputra.dev,disposable
rikka0612.site,disposable
rilzz.store,disposable
rimshacooking.site,disposable
rinseart.com,disposable
riposh.shop,disposable
rippb.com,disposable
risinggirl.co.uk,disposable
risingsuntouch.com,disposable
riski.cf,disposable
risu.be,disposable
riwutz-gmail.com,disposable
rjzh8vf.giize.com,disposable
rklips.com,disposable
rkomo.com,disposable
rkzpcx.top,disposable
rm2rf.com,disposable
rma.ec,disposable
rmmr.fun,disposable
rmqkr.net,disposable
rnailinator.com,disposable
rniz667.mywire.org,disposable
rnmut8pudgj0ikregqx6.dynv6.net,disposable
rnvvpn.store,disposable
ro.lt,disposable
robertspcrepair.com,disposable
roborena.com,disposable
robot-mail.com,disposable
robothandcook.cfd,disposable
robustq.com,disposable
rodhazlitt.com,disposable
roguemaster.dev,disposable
rollindo.agency,disposable
ronete.com,disposable
ronger.cfd,disposable
ronghsng.buzz,disposable
ronnierage.net,disposable
rootfest.net,disposable
roratu.com,disposable
roroki.cn,disposable
rosebearmylove.ru,disposable
rosella.my.id,disposable
rotaniliam.com,disposable
rotomails.co.uk,disposable
rotomails.com,disposable
rouflav.com,disposable
route64.de,disposable
routerboardvietnam.com,disposable
rover.info,disposable
rowdydow.com,disposable
rowe-solutions.com,disposable
roweryo.com,disposable
royal.net,disposable
royaldoodles.org,disposable
royalmarket.life,disposable
royalpriesthoodagc.org.uk,disposable
royandk.com,disposable
roybl.com,disposable
rppkn.com,disposable
rr.nu,disposable
rsvhr.com,disposable
rteet.com,disposable
rtrobinsbequest.org.uk,disposable
rtrtr.com,disposable
rtskiya.xyz,disposable
rua.pp.ua,disposable
rudymail.ml,disposable
ruinique.tech,disposable
rukiaops.me,disposable
rulersonline.com,disposable
rumahweb.site,disposable
rumgel.com,disposable
runcubesapps.id,disposable
runi.ca,disposable
runlop6.ooguy.com,disposable
rupayamail.com,disposable
ruru.be,disposable
rustydoor.com,disposable
rustyload.com,disposable
ruu.kr,disposable
ruutukf.com,disposable
rvb.ro,disposable
rvneous.com,disposable
rw1aifc.camdvr.org,disposable
rweebz-mail-1.online,disposable
rwstatus.com,disposable
rwxsxnomo.top,disposable
rxinai.com,disposable
rxs9.cn,disposable
rygel.infos.st,disposable
rynetvpn.site,disposable
ryteto.me,disposable
ryuu.codes,disposable
ryuucn.com,disposable
ryyr.ru,disposable
ryyr.store,disposable
rzbal.xyz,disposable
s-mail.social,disposable
s-mdg.top,disposable
s0ny.net,disposable
s1q59z82q.top,disposable
s33db0x.com,disposable
s3cmt5w.kozow.com,disposable
s3k.net,disposable
s40vwj8.camdvr.org,disposable
s4sfoundation.org.uk,disposable
s8gz4ay.kozow.com,disposable
sabrestlouis.com,disposable
sackboii.com,disposable
sad23321adja.cn,disposable
sada-sd.cc,disposable
saddope.lol,disposable
sadfg.indevs.in,disposable
sadrain.shop,disposable
sads-ads-awe.top,disposable
saeoil.com,disposable
safaat.cf,disposable
safermail.info,disposable
safersignup.de,disposable
safetymail.info,disposable
safetypost.de,disposable
sagametour.com,disposable
saharanightstempe.com,disposable
sahildash.dev,disposable
sailmail.io,disposable
saisonhama.shop,disposable
sajutadollars.com,disposable
sakoonthroughcancer.com,disposable
sakurapink.top,disposable
salakoais.shop,disposable
saleis.live,disposable
salmeow.tk,disposable
sam1.eu.org,disposable
samaltour.site,disposable
samaritanfamilyfoundation.com,disposable
samblogs.nett.to,disposable
samblogs.zone.id,disposable
sampsave.tech,disposable
samsclass.info,disposable
samsung-gmail.com,disposable
sandcars.net,disposable
sandelf.de,disposable
sandwhichvideo.com,disposable
sanfinder.com,disposable
sanfnge.run,disposable
sanfnges.cc,disposable
sanim.net,disposable
sanstr.com,disposable
saovangtiles.site,disposable
sappisi.com,disposable
sarawakreport.com,disposable
sast.ro,disposable
sasukiez.shop,disposable
satisfyme.club,disposable
satorix.id,disposable
satukosong.com,disposable
saturrshop.uk,disposable
saungadaid.pro,disposable
sausen.com,disposable
save4now.com,disposable
savemydinar.com,disposable
savests.com,disposable
say0.com,disposable
saynotospams.com,disposable
sayverfox.com,disposable
scatmail.com,disposable
scatterteam.com,disposable
scay.net,disposable
schachrol.com,disposable
schafmail.de,disposable
schmeissweg.tk,disposable
schrott-email.de,disposable
scook.cfd,disposable
scottcoffman.net,disposable
scottni.com,disposable
scpulse.com,disposable
scribito.de,disposable
scrsot.com,disposable
sd3.in,disposable
sdbbs.cc,disposable
sdhaiok.eu.cc,disposable
sdi5mon.ooguy.com,disposable
sdj.fr.nf,disposable
sds-awe.top,disposable
sdsfre.blog,disposable
sdvft.com,disposable
sdvgeft.com,disposable
sdvrecft.com,disposable
search4gpt.com,disposable
seasonofgrace.org,disposable
sebbcn.net,disposable
secmail.pw,disposable
secretemail.de,disposable
secure-mail.biz,disposable
secure-mail.cc,disposable
secured-link.net,disposable
securehost.com.es,disposable
securitybot.online,disposable
sedekah-mudah.com,disposable
seduck.com,disposable
seedcorn.foundation,disposable
seedspeed.site,disposable
seekapps.com,disposable
seekjobs4u.com,disposable
sehier.fr,disposable
sejaa.lv,disposable
sekotong.store,disposable
selaciptama.com,disposable
seler25k.io.vn,disposable
selfdestructingmail.com,disposable
selfdestructingmail.org,disposable
selftrak.fit,disposable
selltub.com,disposable
selltub.me,disposable
seman.edu.kg,disposable
semester.bond,disposable
send22u.info,disposable
send4.uk,disposable
sendapp.uk,disposable
sendfree.org,disposable
sendgrid.ovh,disposable
sendingspecialflyers.com,disposable
sendnow.win,disposable
sendo.dedyn.io,disposable
sendo.giize.com,disposable
sendokai.click,disposable
sendos.fr.nf,disposable
sendos.infos.st,disposable
sendspamhere.com,disposable
sengkuni.dedyn.io,disposable
sengkuni.qzz.io,disposable
sengkuni.xx.kg,disposable
senseless-entertainment.com,disposable
sentra-premium.com,disposable
senvas.me,disposable
senyan.fun,disposable
seosnaps.com,disposable
seqerc.com,disposable
serbaprem.store,disposable
serbaserbisoftware.site,disposable
serenith.cfd,disposable
server.ms,disposable
servicee.es,disposable
services391.com,disposable
servicetr.me,disposable
sesasdl.top,disposable
setxko.com,disposable
severnday.us,disposable
sevopay.com,disposable
sewink.my.id,disposable
sex520.eu.org,disposable
sexforswingers.com,disposable
sexfrancecute.lol,disposable
sexfrancecute.tattoo,disposable
sexfrancecute.xyz,disposable
sexical.com,disposable
sexyalwasmi.top,disposable
sexymeowers.site,disposable
sexymeowers.space,disposable
sexymeowers.store,disposable
sexymeowers.xyz,disposable
sfacg.org,disposable
sfolkar.com,disposable
sfr09g1.camdvr.org,disposable
sgatra.com,disposable
sgm.ovh,disposable
shaceng.biz.id,disposable
shaceng.my.id,disposable
shadap.org,disposable
shaguaaini.click,disposable
shahabnoor.org,disposable
shalar.net,disposable
shanhaijuli.sbs,disposable
sharebot.net,disposable
sharedmailbox.org,disposable
sharkfaces.com,disposable
sharklasers.com,disposable
shchiba.uk,disposable
sheerid.top,disposable
sheinup.com,disposable
shengxia.asia,disposable
sherazhaider.com,disposable
sheryli.com,disposable
shhmail.com,disposable
shhuut.org,disposable
shieldedmail.com,disposable
shieldemail.com,disposable
shiftmail.com,disposable
shiita12.com,disposable
shipfromto.com,disposable
shiphazmat.org,disposable
shipping-regulations.com,disposable
shippingterms.org,disposable
shiptudo.com,disposable
shiro-alice.live,disposable
shitaway.tk,disposable
shitmail.de,disposable
shitmail.me,disposable
shitmail.org,disposable
shizuku-lulu.love,disposable
shkele.cyou,disposable
shmavje.mywire.org,disposable
shmeriously.com,disposable
shopaccmmo.com,disposable
shopbantkclone.com,disposable
shopcreative.cc,disposable
shopempva11.com,disposable
shopld.linkpc.net,disposable
shopprimeaccounts.com,disposable
shopvipduzk666.shop,disposable
shopvipduzk6868.shop,disposable
shopxda.com,disposable
shopy.club,disposable
shortmail.net,disposable
shortweb.live,disposable
shotmail.ru,disposable
showslow.de,disposable
shrib.com,disposable
shuelder.com,disposable
shut.name,disposable
shut.ws,disposable
shxwonew.xyz,disposable
si1ver.xyz,disposable
siap-sepuh.com,disposable
siberpay.com,disposable
siby9w6.loseyourip.com,disposable
sicmg.com,disposable
sidelka-mytischi.ru,disposable
sidement.com,disposable
sidlabs.site,disposable
sidneymichaelpoland.travel,disposable
siempre.gratis,disposable
sifan077.cc.cd,disposable
siftportal.ru,disposable
sify.com,disposable
sig.de5.net,disposable
signalxp.com,disposable
signsoflife.org.uk,disposable
sihanoma.store,disposable
sika3.com,disposable
sikux.com,disposable
silenceofthespam.com,disposable
silentmail.ccwu.cc,disposable
siliwangi.ga,disposable
silvaron.cfd,disposable
silvercoin.life,disposable
sim-simka.ru,disposable
sim-sppg.com,disposable
simaenaga.com,disposable
simoka.sbs,disposable
simpleitsecurity.info,disposable
simranaitech.space,disposable
sin.cl,disposable
sinaite.net,disposable
sind-hier.com,disposable
sind-wir.com,disposable
sindhier.com,disposable
sindwir.com,disposable
sinema.ml,disposable
sinfiltro.cl,disposable
singlespride.com,disposable
sinnlos-mail.de,disposable
sino.tw,disposable
sinorto.com,disposable
siperer.online,disposable
siroja.top,disposable
siteinfox.com,disposable
siteposter.net,disposable
sitwelltownlands.org.uk,disposable
six25.biz,disposable
sixoplus.com,disposable
sizzlemctwizzle.com,disposable
sjuaq.com,disposable
sjusngde.info,disposable
sk-ai.eu.cc,disposable
skeefmail.com,disposable
skingkong.com,disposable
skrak.com,disposable
skrhqfnya.top,disposable
skrx.tk,disposable
sky-inbox.com,disposable
sky-ts.de,disposable
skyemails.app,disposable
skyemails.tech,disposable
skyforte25k.io.vn,disposable
skygazer42.cn,disposable
skygazerhub.com,disposable
skyhope666.icu,disposable
skyhope666.shop,disposable
skyhope666.xyz,disposable
skyhopenb.shop,disposable
skyhopenb.xyz,disposable
skyhopenba.shop,disposable
skyhopetw.xyz,disposable
skyhopewd.xyz,disposable
skyhopewdf.xyz,disposable
skynet.infos.st,disposable
skyrt.de,disposable
skyserver.cyou,disposable
skytopway.com,disposable
slapsfromlastnight.com,disposable
slaskpost.se,disposable
slave-auctions.net,disposable
slimirin.com,disposable
slippery.email,disposable
slipry.net,disposable
sliverkeigo.fun,disposable
slopsbox.com,disposable
slotbeer.com,disposable
slothmail.net,disposable
slowpokerfrance.eu,disposable
slowpokerfrance.fr,disposable
slowpokerfrance.org,disposable
slowpokerfrance.store,disposable
slushmail.com,disposable
slushpools.cloud,disposable
sluteen.com,disposable
sly.io,disposable
slyouthuk.org,disposable
smailpro.com,disposable
smailwork.com,disposable
smakit.vn,disposable
smallker.tk,disposable
smapfree24.com,disposable
smapfree24.de,disposable
smapfree24.eu,disposable
smapfree24.info,disposable
smapfree24.org,disposable
smartemailbox.co,disposable
smartnator.com,disposable
smarttalent.pw,disposable
smarttickethub.com,disposable
smashmail.de,disposable
smell.sbs,disposable
smellfear.com,disposable
smellrear.com,disposable
smellypotato.tk,disposable
smeux.com,disposable
smkanba.com,disposable
smncloud.com,disposable
smpcharity.co.uk,disposable
smpnegeri4-pwt.my.id,disposable
smtp.id.vn,disposable
smtp.io.vn,disposable
smtp99.com,disposable
smwg.info,disposable
smykwb.com,disposable
snakebutt.com,disposable
snakemail.com,disposable
snapbx.com,disposable
snapmail.cc,disposable
snapmail.site,disposable
snapmail.xyz,disposable
snapwet.com,disposable
sneakmail.de,disposable
snece.com,disposable
sneydgreen-communityhall.co.uk,disposable
snpmail.fun,disposable
soc123.net,disposable
social-mailer.tk,disposable
socialfurry.org,disposable
socialist.sbs,disposable
sociallymediocre.com,disposable
socialpulse.casa,disposable
socialtrash.online,disposable
soco7.com,disposable
socoori.com,disposable
sofia.re,disposable
sofimail.com,disposable
sofort-mail.de,disposable
sofortmail.de,disposable
sofrge.com,disposable
softbank.id,disposable
softdailyguide.com,disposable
softkey-office.ru,disposable
softlitceg.com,disposable
softpls.asia,disposable
sogetthis.com,disposable
sohai.ml,disposable
sohus.cn,disposable
soioa.com,disposable
soisz.com,disposable
solar-impact.pro,disposable
solarnyx.com,disposable
solarunited.net,disposable
solarunited.org,disposable
solenox.cfd,disposable
solerbe.net,disposable
solimoddin.online,disposable
solkill.store,disposable
solquira.cfd,disposable
solvemail.info,disposable
solventtrap.wiki,disposable
somadethcdk.site,disposable
somelora.com,disposable
somoj.com,disposable
son2d.site,disposable
songsan.business,disposable
songsign.com,disposable
soniot.fr,disposable
soniot.info,disposable
soniot.online,disposable
soniot.store,disposable
sonjj.edu.pl,disposable
sonl192.theworkpc.com,disposable
sonny.tk,disposable
sonphuongthinh.com,disposable
sonrusu.com,disposable
sonshi.cf,disposable
soodmail.com,disposable
soodomail.com,disposable
soodonims.com,disposable
soombo.com,disposable
soon.it,disposable
soscandia.org,disposable
soson.shop,disposable
soul-association.com,disposable
southai.bond,disposable
southeastessexanimal.uk,disposable
soyboy.observer,disposable
sozenit.com,disposable
spacebazzar.ru,disposable
spacehotline.com,disposable
spacework.top,disposable
spacexyz.space,disposable
spacezin.space,disposable
spam-be-gone.com,disposable
spam.care,disposable
spam.ceo,disposable
spam.la,disposable
spam.org.es,disposable
spam.su,disposable
spam4.me,disposable
spamail.de,disposable
spamarrest.com,disposable
spamavert.com,disposable
spambob.com,disposable
spambob.net,disposable
spambob.org,disposable
spambog.com,disposable
spambog.de,disposable
spambog.net,disposable
spambog.ru,disposable
spambooger.com,disposable
spambox.info,disposable
spambox.me,disposable
spambox.org,disposable
spambox.us,disposable
spamcero.com,disposable
spamcon.org,disposable
spamcorptastic.com,disposable
spamcowboy.com,disposable
spamcowboy.net,disposable
spamcowboy.org,disposable
spamday.com,disposable
spamdecoy.net,disposable
spamex.com,disposable
spamfellas.com,disposable
spamfighter.cf,disposable
spamfighter.ga,disposable
spamfighter.gq,disposable
spamfighter.ml,disposable
spamfighter.tk,disposable
spamfree.eu,disposable
spamfree24.com,disposable
spamfree24.de,disposable
spamfree24.eu,disposable
spamfree24.info,disposable
spamfree24.net,disposable
spamfree24.org,disposable
spamgoes.in,disposable
spamherelots.com,disposable
spamhereplease.com,disposable
spamhole.com,disposable
spamify.com,disposable
spaminator.de,disposable
spamkill.info,disposable
spaml.com,disposable
spaml.de,disposable
spamlot.net,disposable
spammer.fail,disposable
spammotel.com,disposable
spammy.host,disposable
spamobox.com,disposable
spamoff.de,disposable
spamsalad.in,disposable
spamsandwich.com,disposable
spamslicer.com,disposable
spamsphere.com,disposable
spamspot.com,disposable
spamstack.net,disposable
spamthis.co.uk,disposable
spamthis.network,disposable
spamthisplease.com,disposable
spamtrail.com,disposable
spamtrap.ro,disposable
spamtroll.net,disposable
spamwc.cf,disposable
spamwc.ga,disposable
spamwc.gq,disposable
spamwc.ml,disposable
sparkletoc.com,disposable
sparxautomationhub.store,disposable
speak2all.com,disposable
speaknow.org.uk,disposable
specialneedscircle.co.uk,disposable
speedgaus.net,disposable
speedlooking.fun,disposable
sperma.cf,disposable
spicysoda.com,disposable
spiedemtion.store,disposable
spikio.com,disposable
spindl-e.com,disposable
spinly.net,disposable
splitparents.com,disposable
spoofmail.de,disposable
sportcornwall.org,disposable
sportrid.com,disposable
sportsfunlifestyle.org,disposable
spotiy.site,disposable
spotlightdiary.com,disposable
spr.io,disposable
spritzzone.de,disposable
spruzme.com,disposable
spybox.de,disposable
spymail.com,disposable
spymail.one,disposable
squizzy.de,disposable
squizzy.net,disposable
srame.com,disposable
sroff.com,disposable
sry.li,disposable
ss0qw9a.ddnsfree.com,disposable
ssanphone.me,disposable
ssi-bsn.infos.st,disposable
ssoia.com,disposable
sssig.one,disposable
sssvcv.uno,disposable
stacys.mom,disposable
stanfordujjain.com,disposable
star-fish.org.uk,disposable
starbalance.site,disposable
starcheck.in,disposable
stardust-2.store,disposable
starlight-breaker.net,disposable
starlight.store,disposable
starmail.net,disposable
starnlink.com,disposable
starpower.space,disposable
startfu.com,disposable
startkeys.com,disposable
statdvr.com,disposable
stathost.net,disposable
statiix.com,disposable
stayhome.li,disposable
steadyhabithub.com,disposable
steam-area.ru,disposable
steam-coin.com,disposable
steambot.net,disposable
steel4work.io.vn,disposable
stepsofhope.co.uk,disposable
sterlingpointco.com,disposable
stexsy.com,disposable
stinkefinger.net,disposable
stomatogomail.ru,disposable
stonesinwater.com,disposable
stop-my-spam.cf,disposable
stop-my-spam.com,disposable
stop-my-spam.ga,disposable
stop-my-spam.ml,disposable
stop-my-spam.pp.ua,disposable
stop-my-spam.tk,disposable
stopspam.app,disposable
storebanme.com,disposable
storegmail.net,disposable
storiesonthestreet.org,disposable
storiqax.top,disposable
storj99.com,disposable
storj99.top,disposable
storybuddies.online,disposable
stpaulsgrammaralumniusa.org,disposable
stravico.cfd,disposable
strayhood.org,disposable
streamingku.live,disposable
streamtv.biz.id,disposable
streamwolf.store,disposable
streetwisemail.com,disposable
stromox.com,disposable
stuckmail.com,disposable
student.nyc.mn,disposable
studio.jo3.org,disposable
studio.publicvm.com,disposable
studyhub.edu.pl,disposable
stuffmail.de,disposable
stufmail.com,disposable
stumpfwerk.com,disposable
stylist-volos.ru,disposable
su.cloudns.biz,disposable
suarj.com,disposable
submic.com,disposable
submitreports.com,disposable
substoretools.com,disposable
substoretools.site,disposable
substoretools.store,disposable
suburbanthug.com,disposable
suckmyd.com,disposable
sudern.de,disposable
sueshaw.com,disposable
suexamplesb.com,disposable
suftwari.com,disposable
sugarloafstudios.net,disposable
suhasmedam.com,disposable
suioe.com,disposable
sumberakun.com,disposable
suntuy.com,disposable
super-auswahl.de,disposable
super.lgbt,disposable
superblohey.com,disposable
superbowlstarttime.org,disposable
supergreatmail.com,disposable
supergrok.site,disposable
supermailer.jp,disposable
superplatyna.com,disposable
superrito.com,disposable
supersave.net,disposable
superstachel.de,disposable
superti4r.dev,disposable
superyp.com,disposable
supplementsdiary.com,disposable
supplementwiki.org,disposable
supportorganization.online,disposable
supporttc.com,disposable
surbitonnewlifebaptist.com,disposable
suremail.info,disposable
suryain.app,disposable
sushisalmon.online,disposable
sute.jp,disposable
svetims.com,disposable
svip520.cn,disposable
svip888888888.com,disposable
svipcun.eu.org,disposable
svk.jp,disposable
svxr.org,disposable
swagpapa.com,disposable
swap.name.ng,disposable
sweetberry.online,disposable
sweetpotato.ml,disposable
sweetxxx.de,disposable
swi4jut.ddnsfree.com,disposable
swift-mail.net,disposable
swift10minutemail.com,disposable
swiftcroft.org,disposable
swissokalmo.org.uk,disposable
swsdz.com,disposable
sx227.top,disposable
sx235.top,disposable
sx697.top,disposable
sx856.top,disposable
sx872.top,disposable
sx882.top,disposable
sx992.top,disposable
sydney.edu.pl,disposable
syecna9.ooguy.com,disposable
syinxun.com,disposable
sylentha.cfd,disposable
sylnetdns.site,disposable
sylnetgcp.site,disposable
sylnetgcp.top,disposable
sylnetx1.top,disposable
sylvannet.com,disposable
symphonyresume.com,disposable
synarca.com,disposable
syncax.com,disposable
synovaris.cfd,disposable
syntheradynamics.site,disposable
syosetu.gq,disposable
sysout.cloud,disposable
sytchampton.directory,disposable
sytchamptoncc.co.uk,disposable
syujob.accountants,disposable
sz345p7.loseyourip.com,disposable
szerz.com,disposable
szxcfagah.online,disposable
t15ippy.giize.com,disposable
t1mo.net,disposable
t2d9n0j.ooguy.com,disposable
t2t.email,disposable
t6s7.top,disposable
t7sqtao.giize.com,disposable
t8xieb2.kozow.com,disposable
tacomail.de,disposable
tafmail.com,disposable
tafnsxo.ooguy.com,disposable
tafoi.gr,disposable
tagara.infos.st,disposable
taglead.com,disposable
tagmymedia.com,disposable
tagyourself.com,disposable
taikhoankiro.pro,disposable
taimb.com,disposable
taischaves.com,disposable
tako.skin,disposable
talemarketing.com,disposable
talkinator.com,disposable
talkmatrix.study,disposable
talkup.sbs,disposable
talmetry.com,disposable
tamthomca.click,disposable
tamttts.com,disposable
tandlplith.se,disposable
tanlanav.com,disposable
tanukis.org,disposable
tanvo.online,disposable
taobudao.com,disposable
taohucom.store,disposable
taojingrun.online,disposable
taomail.web.id,disposable
tapchicuoihoi.com,disposable
taphear.com,disposable
tapi.re,disposable
tarasbest.xyz,disposable
tartinemoi.com,disposable
tarzanmail.cf,disposable
taseek.cc.cd,disposable
taseek.top,disposable
tastmemail.com,disposable
tastrg.com,disposable
tatadidi.com,disposable
tatsu.uk,disposable
taugr.com,disposable
taukah.com,disposable
taxibmt.com,disposable
taxibmt.net,disposable
taymonera.de,disposable
tb-on-line.net,disposable
tbgroupconsultants.com,disposable
tbr.fr.nf,disposable
tbterqwzv.top,disposable
tcwlm.com,disposable
tcwlx.com,disposable
tdtda.com,disposable
teambunnyfoundation.org.uk,disposable
teamnewmexico.org,disposable
teamtitan.co,disposable
tech2grow.io.vn,disposable
tech69.com,disposable
techblast.ch,disposable
techcyber.shop,disposable
techemail.com,disposable
techgroup.me,disposable
techlhj.email,disposable
technoproxy.ru,disposable
techusa.org,disposable
teerest.com,disposable
teewars.org,disposable
tefl.ro,disposable
tehillahpraise.uk,disposable
teihu.com,disposable
telecomix.pl,disposable
teleg.eu,disposable
telegmail.com,disposable
teleworm.com,disposable
teleworm.us,disposable
teliedge.com,disposable
teligmail.site,disposable
telimail.online,disposable
tellos.xyz,disposable
telos.lat,disposable
telvetto.com,disposable
temailz.com,disposable
tembusselalu.biz.id,disposable
tembusselalu.my.id,disposable
teml.net,disposable
temp-email.de5.net,disposable
temp-link.net,disposable
temp-mail-free.dedyn.io,disposable
temp-mail-free.dynv6.net,disposable
temp-mail.best,disposable
temp-mail.cfd,disposable
temp-mail.com,disposable
temp-mail.de,disposable
temp-mail.edu.rs,disposable
temp-mail.freeddns.org,disposable
temp-mail.gg,disposable
temp-mail.lol,disposable
temp-mail.now,disposable
temp-mail.org,disposable
temp-mail.pp.ua,disposable
temp-mail.ru,disposable
temp-mailer.dynv6.net,disposable
temp-mails.com,disposable
temp.skymeshdynamics.com,disposable
temp1month.icu,disposable
tempail.com,disposable
tempalias.com,disposable
tempblockchain.com,disposable
tempe-mail.com,disposable
tempebossok.my.id,disposable
tempemail.biz,disposable
tempemail.co.za,disposable
tempemail.com,disposable
tempemail.de,disposable
tempemail.net,disposable
tempemail.nyc.mn,disposable
tempemailgen.com,disposable
tempemaill.com,disposable
tempemailo.org,disposable
tempestme.com,disposable
tempinbox.co.uk,disposable
tempinbox.com,disposable
tempmail.at,disposable
tempmail.best,disposable
tempmail.cc,disposable
tempmail.cn,disposable
tempmail.co,disposable
tempmail.de,disposable
tempmail.email,disposable
tempmail.eu,disposable
tempmail.id.vn,disposable
tempmail.ing,disposable
tempmail.io.vn,disposable
tempmail.it,disposable
tempmail.ninja,disposable
tempmail.plus,disposable
tempmail.pp.ua,disposable
tempmail.us,disposable
tempmail.vip,disposable
tempmail.world,disposable
tempmail.ws,disposable
tempmail101.com,disposable
tempmail2.com,disposable
tempmail5.com,disposable
tempmaildemo.com,disposable
tempmailer.com,disposable
tempmailer.de,disposable
tempmailer.net,disposable
tempmailfree.net,disposable
tempmailo.com,disposable
tempmailr.com,disposable
tempmails.net,disposable
tempmailto.com,disposable
tempmailyo.org,disposable
tempomail.fr,disposable
tempomail.org,disposable
tempomailo.site,disposable
temporalemail.org,disposable
temporam.com,disposable
temporam.online,disposable
temporam.xin,disposable
temporam.xyz,disposable
temporarily.de,disposable
temporarioemail.com.br,disposable
temporarly.com,disposable
temporary-mail.net,disposable
temporaryemail.dpdns.org,disposable
temporaryemail.net,disposable
temporaryemail.us,disposable
temporaryforwarding.com,disposable
temporaryinbox.com,disposable
temporarymailaddress.com,disposable
tempp-mails.com,disposable
temppppo.store,disposable
tempr.email,disposable
tempsky.com,disposable
temptami.com,disposable
tempthe.net,disposable
tempymail.com,disposable
tenhub.uk,disposable
tensi.org,disposable
tenull.com,disposable
ternaklele.ga,disposable
terre.infos.st,disposable
test-infos.fr.nf,disposable
test1byali.cfd,disposable
testore.co,disposable
testudine.com,disposable
tetestebu.online,disposable
tevstart.com,disposable
texify.online,disposable
tfbnw.asia,disposable
tfbnw.id.vn,disposable
tfbnw.in,disposable
tfbnw.info,disposable
tfbnw.io.vn,disposable
tfbnw.tech,disposable
tfbnw.xyz,disposable
tfcn.beer,disposable
tffv4a3.kozow.com,disposable
tgduck.com,disposable
tgmaiss.xyz,disposable
thaihp.net,disposable
thaitudang.xyz,disposable
thalarex.cfd,disposable
thameschamberorchestra.co.uk,disposable
thanhnhontienbao.com,disposable
thanksnospam.info,disposable
thankyou2010.com,disposable
thaotri.com,disposable
thatim.info,disposable
thc.st,disposable
thdfyrg.top,disposable
the23app.com,disposable
theaviors.com,disposable
thebearshark.com,disposable
thebest73.shop,disposable
theboys.cyou,disposable
thecarinformation.com,disposable
thechildrensfocus.com,disposable
thecity.biz,disposable
thecloudindex.com,disposable
thecwf.co.uk,disposable
thediamants.org,disposable
thedirhq.info,disposable
thedorsetcarershub.org,disposable
theeyeoftruth.com,disposable
thegrampians.net,disposable
thehjhvj.ink,disposable
thejenkins.net,disposable
thejoker5.com,disposable
theking.id,disposable
thelifecentre.org.uk,disposable
thelightningmail.net,disposable
thelimescommunitygarden.org,disposable
thelimestones.com,disposable
themailer.de,disposable
thembones.com.au,disposable
themccarneyfoundation.co.uk,disposable
themegreview.com,disposable
themostemail.com,disposable
thereddoors.online,disposable
theroyalweb.club,disposable
thescrappermovie.com,disposable
these.cc,disposable
theshahnazfoundation.com,disposable
thespamfather.com,disposable
theteastory.info,disposable
thetechnext.net,disposable
theweifamily.icu,disposable
thex.ro,disposable
thg.cc.cd,disposable
thichanthit.com,disposable
thichmmo.com,disposable
thiefness.com,disposable
thietbivanphong.asia,disposable
thirifara.com,disposable
thisisnotmyrealemail.com,disposable
thismail.net,disposable
thispy.top,disposable
thisurl.website,disposable
thnikka.com,disposable
thoas.ru,disposable
thodianamdu.com,disposable
thoitrangnam2024.shop,disposable
thomasblackerby.org.uk,disposable
thor.my.id,disposable
thraml.com,disposable
threads.io.vn,disposable
thrma.com,disposable
throam.com,disposable
thrott.com,disposable
throwam.com,disposable
throwaway.dynv6.net,disposable
throwawayemailaddress.com,disposable
throwawaymail.com,disposable
throwawaymail.pp.ua,disposable
throya.com,disposable
thrubay.com,disposable
thshyo.org,disposable
thueotp.net,disposable
thulinh.net,disposable
thunderbolt.science,disposable
thunkinator.org,disposable
thuongxg.com,disposable
thurleighchurchestate.church,disposable
thxmate.com,disposable
tianblog.top,disposable
tianmi.me,disposable
tianstudy.space,disposable
tiapz.com,disposable
tic.ec,disposable
tidaksuka.cfd,disposable
tidewick.org,disposable
tidissajiiu.com,disposable
tidylifehub.com,disposable
tiendadezapasok.com,disposable
tiffincrane.com,disposable
tigrisstem.org,disposable
tijdelijke.email,disposable
tikanony.com,disposable
tikmail.org,disposable
tiksofi.uk,disposable
tiktakgrab.com,disposable
tiktakgrab.shop,disposable
tiktakgrabber.com,disposable
tiktokngon.com,disposable
tiktokus.us,disposable
tilien.com,disposable
tilumo.cfd,disposable
tilvex.click,disposable
timbourkescholarshipfund.org,disposable
timgiarevn.com,disposable
timkassouf.com,disposable
tinhoconline.com,disposable
tinoza.org,disposable
tinpho.com,disposable
tinytimer.org,disposable
tinyurl24.com,disposable
tipsb.com,disposable
tirasya.pro,disposable
titangamezz.com,disposable
titenpa.com,disposable
tittbit.in,disposable
tiv.cc,disposable
tivendra.cfd,disposable
tivertonhospitalleagueoffriends.co.uk,disposable
tivo.camdvr.org,disposable
tizi.com,disposable
tjhn.beer,disposable
tkfb24h.com,disposable
tkitc.de,disposable
tlktok.us,disposable
tlpn.org,disposable
tmail.com,disposable
tmail.edu.rs,disposable
tmail.gg,disposable
tmail.io,disposable
tmail.link,disposable
tmail.lt,disposable
tmail.mx,disposable
tmail.ws,disposable
tmail1.org,disposable
tmail2.org,disposable
tmail3.com,disposable
tmail3.org,disposable
tmail4.org,disposable
tmail5.org,disposable
tmail6.com,disposable
tmail9.com,disposable
tmaile.net,disposable
tmailinator.com,disposable
tmailor.com,disposable
tmailor.net,disposable
tmails.net,disposable
tmmbt.net,disposable
tmpbox.net,disposable
tmpemails.com,disposable
tmpeml.com,disposable
tmpeml.info,disposable
tmpjr.me,disposable
tmpmail.net,disposable
tmpmail.org,disposable
tmpmailtor.com,disposable
tmpnator.live,disposable
tmpx.sa.com,disposable
tmxttvmail.com,disposable
tnbeta.com,disposable
toaik.com,disposable
tocuda.cloud,disposable
toddsbighug.com,disposable
tofeat.com,disposable
tohru.org,disposable
toiea.com,disposable
tokem.co,disposable
token.ro,disposable
token0v0.com,disposable
tokenmail.de,disposable
tokfly.org,disposable
tokmail.fun,disposable
tokmail.net,disposable
tokobibit.co,disposable
tokyo.edu.pl,disposable
tokyo112.top,disposable
tokyoflarex.tokyo,disposable
tomhouse.shop,disposable
tommyfommy.site,disposable
tomvnet.uk,disposable
tonaeto.com,disposable
tongle.ccwu.cc,disposable
toni.io.vn,disposable
tonne.to,disposable
tonyfarm.indevs.in,disposable
tonymanso.com,disposable
too.li,disposable
toolbox.ovh,disposable
toolnator.plus,disposable
toolourles.tech,disposable
tools-capcut.com,disposable
toolsequipment.cyou,disposable
toomail.biz,disposable
toon.ml,disposable
top-shop-tovar.ru,disposable
top101.de,disposable
top1mail.ru,disposable
top1post.ru,disposable
topdatamaster.com,disposable
topinrock.cf,disposable
topmail2.com,disposable
topmail2.net,disposable
topofertasdehoy.com,disposable
topranklist.de,disposable
topren.cyou,disposable
topren.top,disposable
toprumours.com,disposable
topupgg.app,disposable
topvu.net,disposable
torkakak.site,disposable
tormail.org,disposable
torrent411.fr.nf,disposable
torvila.sbs,disposable
tospage.com,disposable
toss.pw,disposable
tosunkaya.com,disposable
totallynotfake.net,disposable
totalvista.com,disposable
totesmail.com,disposable
totoan.info,disposable
totococo.fr.nf,disposable
toupiao7003.top,disposable
tourcc.com,disposable
tozya.com,disposable
tp-qa-mail.com,disposable
tppp.one,disposable
tppp.online,disposable
tpwlb.com,disposable
tqoai.com,disposable
tqosi.com,disposable
trackden.com,disposable
tradermail.info,disposable
tradingview.my.id,disposable
trainthem2fish.co.uk,disposable
tramynguyen.net,disposable
tranceversal.com,disposable
trandigabapoe.shop,disposable
trangiabao.click,disposable
trangzim.uk,disposable
tranhtai.com,disposable
transaksikita.tech,disposable
transferpulsa.net,disposable
translateid.com,disposable
traodoinick.com,disposable
traogiai.com,disposable
trap-mail.de,disposable
trash-amil.com,disposable
trash-mail.at,disposable
trash-mail.cf,disposable
trash-mail.com,disposable
trash-mail.de,disposable
trash-mail.ga,disposable
trash-mail.gq,disposable
trash-mail.ml,disposable
trash-mail.tk,disposable
trash-mail.webredirect.org,disposable
trash-me.com,disposable
trash2009.com,disposable
trash2010.com,disposable
trash2011.com,disposable
trashcanmail.com,disposable
trashdevil.com,disposable
trashdevil.de,disposable
trashemail.de,disposable
trashemails.de,disposable
trashinbox.com,disposable
trashmail.at,disposable
trashmail.com,disposable
trashmail.de,disposable
trashmail.fr,disposable
trashmail.gq,disposable
trashmail.hu,disposable
trashmail.io,disposable
trashmail.me,disposable
trashmail.net,disposable
trashmail.org,disposable
trashmail.se,disposable
trashmail.ws,disposable
trashmailer.com,disposable
trashmailgenerator.de,disposable
trashmails.com,disposable
trashymail.com,disposable
trashymail.net,disposable
trasz.com,disposable
travelfriend.online,disposable
travelistaworld.com,disposable
travelovelinka.club,disposable
travionex.cfd,disposable
trayna.com,disposable
trbvm.com,disposable
trbvn.com,disposable
trbvo.com,disposable
treesforderby.org,disposable
trend-maker.ru,disposable
treso.me,disposable
treterter.shop,disposable
trevourus.com,disposable
trfu.to,disposable
trgfu.com,disposable
trgovinanaveliko.info,disposable
trialmail.de,disposable
trickmail.net,disposable
trieuhao.site,disposable
trillianpro.com,disposable
trinovia.cfd,disposable
triots.com,disposable
trixtrux1.ru,disposable
trojanvmesswrt.dpdns.org,disposable
trolebrotmail.com,disposable
trollproject.com,disposable
tropicalbass.info,disposable
tropovenamail.com,disposable
trovantis.cfd,disposable
troveniq.cfd,disposable
trumingovn.online,disposable
trunghocphothong.io.vn,disposable
trungmetax.com,disposable
trungtamtoeic.com,disposable
trustcheck.cc,disposable
trustdomainvn.us,disposable
trustguru.vip,disposable
trusticloud.us,disposable
trustmailold.us,disposable
truthfinderlogin.com,disposable
tryalert.com,disposable
tryninja.io,disposable
trythe.net,disposable
tryzoe.com,disposable
tscasalnt.top,disposable
tsderp.com,disposable
tsdpt.co.uk,disposable
tshdn.cfd,disposable
tshirtsavvy.com,disposable
tsmtp.org,disposable
tstrust.org.uk,disposable
ttirv.org,disposable
ttpo89japan.com,disposable
ttszuo.xyz,disposable
tualias.com,disposable
tuamaeaquelaursa.com,disposable
tubebox.us,disposable
tubeemail.com,disposable
tuethong.shop,disposable
tuku26012023.xyz,disposable
tulw6ae.ooguy.com,disposable
tumroc.net,disposable
tunthuta.com,disposable
tuofs.com,disposable
tupmail.com,disposable
turkeyth.com,disposable
turnimon.com,disposable
turoid.com,disposable
turual.com,disposable
turuma.com,disposable
tutuapp.bid,disposable
tuyenchau.click,disposable
tuyenchau.online,disposable
tuyenchau.site,disposable
tuyenhuy.click,disposable
tuyenhuy.online,disposable
tuyenhuy.site,disposable
tvchd.com,disposable
tverya.com,disposable
tweet.fr.nf,disposable
twinmail.de,disposable
twitch.work,disposable
twitchythoughtcreations.in,disposable
twitter.io.vn,disposable
twkly.ml,disposable
twocowmail.net,disposable
twoweirdtricks.com,disposable
twskyhope.top,disposable
twskyhope.xyz,disposable
twskyhopenb.shop,disposable
twzhhq.online,disposable
tx1ggv4.theworkpc.com,disposable
txcct.com,disposable
txen.de,disposable
txtadvertise.com,disposable
tyhe.ro,disposable
tyldd.com,disposable
tympe.net,disposable
tyoless.org.uk,disposable
tzrj.pro,disposable
u2v7nnn.mywire.org,disposable
uacro.com,disposable
uber-mail.com,disposable
uberip.com,disposable
ubinert.com,disposable
ubismail.net,disposable
ubm.md,disposable
ucche.us,disposable
ucupdong.ml,disposable
uddinfoundation.org,disposable
udingclin.com,disposable
uemail99.com,disposable
ufacturing.com,disposable
ufokeuabmail.com,disposable
ug.wtf,disposable
uggsrock.com,disposable
uguuchantele.com,disposable
uhe2.com,disposable
uhhu.ru,disposable
uiemail.com,disposable
uiu.us,disposable
ujijima1129.gq,disposable
uk.to,disposable
ukev.org,disposable
uki.io.vn,disposable
ukm.ovh,disposable
ukshop538yt.uk,disposable
ulm-dsl.de,disposable
ulteriq.cfd,disposable
ultra.fyi,disposable
ultrada.ru,disposable
ultrafive.online,disposable
ultralabs24.store,disposable
ultralux.io.vn,disposable
ultrasix.online,disposable
ultravex.cfd,disposable
ultraz1.io.vn,disposable
ultrmigos.online,disposable
uma3.be,disposable
umail.net,disposable
umil.net,disposable
umiudi.cn,disposable
umombiss.tk,disposable
undeadbank.com,disposable
underseagolf.com,disposable
undo.it,disposable
unfairship.com,disposable
unicodeworld.com,disposable
unids.com,disposable
unimain.tech,disposable
unimark.org,disposable
uniromax.com,disposable
unit7lahaina.com,disposable
unitedcharitiesosm.org.uk,disposable
universall.me,disposable
unlikeyth.com,disposable
unmail.ru,disposable
unratito.com,disposable
uofzcpg9ftykob.asia,disposable
uooos.com,disposable
uorak.com,disposable
upc.infos.st,disposable
upliftnow.com,disposable
uplipht.com,disposable
uploadnolimit.com,disposable
upozowac.info,disposable
upphim.net,disposable
upsnab.net,disposable
uqqlrdi.top,disposable
urbanvalore.info,disposable
urfunktion.se,disposable
urgentmail.ovh,disposable
urhen.com,disposable
uroid.com,disposable
us-x.top,disposable
us.af,disposable
us.to,disposable
usa.cc,disposable
usa.edu.pl,disposable
usaishop.shop,disposable
usako.net,disposable
usbc.be,disposable
usdtbeta.com,disposable
used-product.fr,disposable
usedus.me,disposable
usefulbriefing.com,disposable
uselesswebsites.net,disposable
ushijima1129.cf,disposable
ushijima1129.ga,disposable
ushijima1129.gq,disposable
ushijima1129.ml,disposable
ushijima1129.tk,disposable
usm.ovh,disposable
uspsp.top,disposable
usrl71x.camdvr.org,disposable
ustorp.com,disposable
usus.accesscam.org,disposable
usus.camdvr.org,disposable
usus.casacam.net,disposable
usus.ddnsfree.com,disposable
ususus.dynv6.net,disposable
utiket.us,disposable
utkarsh.tech,disposable
uu.gl,disposable
uu2.ovh,disposable
uue.edu.pl,disposable
uuf.me,disposable
uuii.in,disposable
uvaul.us.ci,disposable
uwork4.us,disposable
uyhip.com,disposable
uz8.net,disposable
v-mail.xyz,disposable
v1jhjrc.giize.com,disposable
v2v.click,disposable
v2v.email,disposable
v2v.world,disposable
v6.army,disposable
v6.navy,disposable
v6.rocks,disposable
v6omlz6.giize.com,disposable
vaasfc4.tk,disposable
vaati.org,disposable
vae.indevs.in,disposable
vafyxh.com,disposable
valanides.com,disposable
valemail.net,disposable
valhalladev.com,disposable
valueineveryone.co.uk,disposable
vankin.de,disposable
vasteron.com,disposable
vatos.gg,disposable
vaupk.org,disposable
vbgvd.com,disposable
vbv.cards,disposable
vcois.com,disposable
vctel.com,disposable
vda.ro,disposable
vddaz.com,disposable
vdig.com,disposable
veanlo.com,disposable
veb37.com,disposable
vectorbrasil.app,disposable
velatrix.cfd,disposable
veletis.bond,disposable
velloxist.site,disposable
velmoor.org,disposable
velocitronix.online,disposable
veltexline.com,disposable
vemomail.win,disposable
venariq.cfd,disposable
venompen.com,disposable
ventrovia.cfd,disposable
veo.kr,disposable
veo325k.io.vn,disposable
veo325kcredit.io.vn,disposable
veo33.io.vn,disposable
veo3ultra.sbs,disposable
veomatrix25k.io.vn,disposable
veoverse25k.io.vn,disposable
ver0.cf,disposable
ver0.ga,disposable
ver0.gq,disposable
ver0.ml,disposable
ver0.tk,disposable
vercelli.cf,disposable
vercelli.ga,disposable
vercelli.gq,disposable
vercelli.ml,disposable
verdejo.com,disposable
verel.online,disposable
verifycenter.net,disposable
verityemail.site,disposable
vermutlich.net,disposable
vernonbourne.uk,disposable
veronicamira.info,disposable
vertexinbox.com,disposable
vertexium.net,disposable
veruvercomail.com,disposable
verybigdick.cyou,disposable
veryday.ch,disposable
veryday.eu,disposable
veryday.info,disposable
veryrealemail.com,disposable
ves.ink,disposable
vesa.pw,disposable
vesdev01.shop,disposable
vetra.cyou,disposable
vevs.de,disposable
vexalor.cfd,disposable
vexaluno.xyz,disposable
vexi.my,disposable
vextora.click,disposable
vfdhks.eu.cc,disposable
vfre4w3.dynv6.net,disposable
vfwladiesauxin.org,disposable
vgfautd.mywire.org,disposable
vggh.beer,disposable
vi1ilpa.mywire.org,disposable
via.tokyo.jp,disposable
viavuive.net,disposable
vibertees.com,disposable
vibzi.net,disposable
vickaentb.tk,disposable
victime.ninja,disposable
victoriaalison.com,disposable
victoriantwins.com,disposable
vidchart.com,disposable
videoigdownload.com,disposable
videotoptop.com,disposable
viditag.com,disposable
vidwobox.com,disposable
vidxlr.me,disposable
viemarter.online,disposable
viettravel.io.vn,disposable
vietxf.com,disposable
viewbuster.ru,disposable
viewcastmedia.com,disposable
viewcastmedia.net,disposable
viewcastmedia.org,disposable
viewmuse.com,disposable
vigilantkeep.net,disposable
vigoneo.com,disposable
vikingsonly.com,disposable
villaxoa.site,disposable
vinaemail.com,disposable
vinakoop.com,disposable
vinakop.com,disposable
vinatissue.org,disposable
vinernet.com,disposable
vinhdo.shop,disposable
vintomaper.com,disposable
viole.cfd,disposable
violet0923.online,disposable
vipepe.com,disposable
vipmail.name,disposable
vipmail.pw,disposable
vipmba.cc,disposable
vips.pics,disposable
vipxm.net,disposable
viralplays.com,disposable
virelio.cfd,disposable
virgilian.com,disposable
virginsrus.xyz,disposable
virtualemail.info,disposable
visal007.tk,disposable
visal168.cf,disposable
visal168.ga,disposable
visal168.gq,disposable
visal168.ml,disposable
visal168.tk,disposable
visignal.com,disposable
visualdep.run.place,disposable
visualnest.work,disposable
visuals.linkpc.net,disposable
vitahicks.com,disposable
vitaspherelife.com,disposable
vitrineproducoes.com,disposable
viv2.com,disposable
vividtipzone.com,disposable
vixletdev.com,disposable
vixtricks.com,disposable
vjoid.ru,disposable
vjoid.store,disposable
vjuum.com,disposable
vkbb.ru,disposable
vkbb.store,disposable
vkbt.ru,disposable
vkbt.store,disposable
vkcbt.ru,disposable
vkcbt.store,disposable
vkcode.ru,disposable
vkfu.ru,disposable
vkfu.store,disposable
vkjashdf.eu.cc,disposable
vkpr.store,disposable
vkr1.com,disposable
vkrr.ru,disposable
vkrr.store,disposable
vladhub.buzz,disposable
vlemi.com,disposable
vlrregulatory.com,disposable
vmailing.info,disposable
vmani.com,disposable
vmm.indevs.in,disposable
vmpanda.com,disposable
vn-one.com,disposable
vncctv.org,disposable
vnedu.me,disposable
vnfjsh.eu.cc,disposable
vntechhub.online,disposable
vnvmail.com,disposable
vnxdxpf.loseyourip.com,disposable
vobau.net,disposable
voerpemww.click,disposable
voicesforchangeinc.org,disposable
voidbay.com,disposable
voidmail.one,disposable
voidpop.win,disposable
volaj.com,disposable
volku.org,disposable
voltaer.com,disposable
voltr.click,disposable
voltravia.cfd,disposable
vomoto.com,disposable
vorga.org,disposable
vortalis.cfd,disposable
voryxen.com,disposable
vothanhtuan.shop,disposable
votiputox.org,disposable
voxelcore.com,disposable
voxinh.net,disposable
vpii.beer,disposable
vpn.st,disposable
vpn64.de,disposable
vpnseat.com,disposable
vps30.com,disposable
vps79.com,disposable
vps911.net,disposable
vradportal.com,disposable
vremonte24-store.ru,disposable
vrjxk.com,disposable
vrmtr.com,disposable
vsdsd23gsdf.shop,disposable
vsimcard.com,disposable
vsmailpro.com,disposable
vssms.com,disposable
vtmpj.net,disposable
vtxmail.us,disposable
vuatrochoi.nl,disposable
vubby.com,disposable
vuiy.pw,disposable
vuket.org,disposable
vulca.sbs,disposable
vulcanpioneerjers.org,disposable
vupn.me,disposable
vusra.com,disposable
vutrugay.org,disposable
vuv.indevs.in,disposable
vvatxiy.com,disposable
vwagamlk.top,disposable
vwhins.com,disposable
vxsolar.com,disposable
vystella.cfd,disposable
vztc.com,disposable
w-asertun.ru,disposable
w154ed2.giize.com,disposable
w3internet.co.uk,disposable
wacold.com,disposable
waguriagent.codes,disposable
waisfoundation.com,disposable
waitbeqa.com,disposable
waivey.com,disposable
wakingupesther.com,disposable
walala.org,disposable
walkmail.net,disposable
walkmail.ru,disposable
wallm.com,disposable
wanai.biz.id,disposable
wanaofamouscar.com,disposable
wandouyu.run,disposable
wanko.be,disposable
wansnode-dice.site,disposable
wanting2work.org.uk,disposable
wanva.shop,disposable
wargravepreschool.uk,disposable
warlus.asso.st,disposable
waroengin.com,disposable
waroengku.cc,disposable
waroengkuy.com,disposable
waroengmail.com,disposable
waroengpremium.com,disposable
warrity25k.io.vn,disposable
warunkto.com,disposable
watch-harry-potter.com,disposable
watchever.biz,disposable
watchfull.net,disposable
watchironman3onlinefreefullmovie.com,disposable
waterisgone.com,disposable
waterpalace.pro,disposable
watersoftenersystemcost.com,disposable
watrf.com,disposable
watsawang.com,disposable
waventra.cfd,disposable
waw.indevs.in,disposable
wazabi.club,disposable
wbdev.tech,disposable
wbml.net,disposable
wbslxy.cc.cd,disposable
wdrd.beer,disposable
wearkeymail.site,disposable
wearvault.biz.id,disposable
weatherbx.xyz,disposable
weaxymt.loseyourip.com,disposable
web-contact.info,disposable
web-ideal.fr,disposable
web-inc.net,disposable
web-library.net,disposable
web-mail.pp.ua,disposable
web2mailco.com,disposable
webcamness.com,disposable
webcenterfairbanks.dedyn.io,disposable
webclub.infos.st,disposable
webcontact-france.eu,disposable
webemail.me,disposable
webhook.site,disposable
webinarmoa.com,disposable
webm4il.info,disposable
webmail24.top,disposable
webmailus.com,disposable
webofip.com,disposable
webscash.com,disposable
webstore.fr.nf,disposable
webtrip.ch,disposable
webui.cc.cd,disposable
webuser.in,disposable
wecanmakehit.win,disposable
wecp.ru,disposable
wecp.store,disposable
wee.my,disposable
weekfly.com,disposable
weekzs.icu,disposable
weeline.fun,disposable
wef.gr,disposable
weg-werf-email.de,disposable
wegoo.dpdns.org,disposable
wegwerf-email-addressen.de,disposable
wegwerf-email-adressen.de,disposable
wegwerf-email.at,disposable
wegwerf-email.de,disposable
wegwerf-email.net,disposable
wegwerf-emails.de,disposable
wegwerfadresse.de,disposable
wegwerfemail.com,disposable
wegwerfemail.de,disposable
wegwerfemail.info,disposable
wegwerfemail.net,disposable
wegwerfemail.org,disposable
wegwerfemailadresse.com,disposable
wegwerfmail.de,disposable
wegwerfmail.info,disposable
wegwerfmail.net,disposable
wegwerfmail.org,disposable
wegwerpmailadres.nl,disposable
wegwrfmail.de,disposable
wegwrfmail.net,disposable
wegwrfmail.org,disposable
weiruipingji.com,disposable
weizixu.com,disposable
wejedvv.giize.com,disposable
wekawa.com,disposable
welikecookies.com,disposable
wellsfargocomcardholders.com,disposable
wemel.top,disposable
wenkuu.com,disposable
wentcity.com,disposable
wenyuanshe.com,disposable
wep.email,disposable
were-w.top,disposable
wetrainbayarea.com,disposable
wetrainbayarea.org,disposable
weyword.cfd,disposable
wfgdfhj.tk,disposable
wg0.com,disposable
wh4f.org,disposable
whaaaaaaaaaat.com,disposable
whatagarbage.com,disposable
whatemi.de,disposable
whatever.za.net,disposable
whatiaas.com,disposable
whatifanalytics.com,disposable
whatpaas.com,disposable
whatsaas.com,disposable
whf222.top,disposable
whiffles.org,disposable
whirlygirlink.org,disposable
whispermail.org,disposable
whitehousecalculator.com,disposable
whitemistral.pro,disposable
whob31o.camdvr.org,disposable
whoopza.org,disposable
whoopza.store,disposable
whopy.com,disposable
whyspam.me,disposable
wibblesmith.com,disposable
wicfolhumanservices.org,disposable
wickmail.net,disposable
widaryanto.info,disposable
widget.gg,disposable
wiemei.com,disposable
wierie.tk,disposable
wifimaple.com,disposable
wifioak.com,disposable
wikfee.com,disposable
wikidocuslava.ru,disposable
wildan.tech,disposable
wilemail.com,disposable
willhackforfood.biz,disposable
willselfdestruct.com,disposable
wimsg.com,disposable
windsurfcom.shop,disposable
winemaven.info,disposable
winocs.com,disposable
wins.com.br,disposable
wintersgf.store,disposable
wintersmail.site,disposable
wir-sind.com,disposable
wireconnected.com,disposable
wishy.fr,disposable
wivstore.com,disposable
wlist.ro,disposable
wlsom.com,disposable
wmail.cf,disposable
wmail.club,disposable
wmct.info,disposable
wmksuhd.cn,disposable
wnbaldwy.com,disposable
wohbc.co.uk,disposable
wokcy.com,disposable
wolfmail.ml,disposable
wolfsmail.tk,disposable
wollan.info,disposable
womp-wo.mp,disposable
woofgl.email,disposable
woofidog.fr.nf,disposable
woopros.com,disposable
workhorsefilms.com,disposable
workingtall.com,disposable
worldcoins.top,disposable
worldlylife.store,disposable
worldspace.link,disposable
woshiemoman.cloud-ip.cc,disposable
wovoemj1119.icu,disposable
wpdork.com,disposable
wpg.im,disposable
wralawfirm.com,disposable
wrgee.com,disposable
writeme.us,disposable
wronghead.com,disposable
wrqj.top,disposable
wrxx.beer,disposable
ws.gy,disposable
wshu.net,disposable
wsvpsft.xyz,disposable
wsxnxce.online,disposable
wsym.de,disposable
wsypc.com,disposable
wtjinkintrust.co.uk,disposable
wudet.men,disposable
wudiai.shop,disposable
wuespdj.xyz,disposable
wupics.com,disposable
wusongdahu.cc.cd,disposable
wuuvo.com,disposable
wuzak.com,disposable
wuzup.net,disposable
wuzupmail.net,disposable
wvyt851.ddnsfree.com,disposable
wwc8.com,disposable
wwdskboiv.top,disposable
wwefd.top,disposable
wwej.cc.cd,disposable
wwjmp.com,disposable
wwtykkm.bond,disposable
wwvec.uno,disposable
wwvk.ru,disposable
wwvk.store,disposable
wwwnew.eu,disposable
wxcv.fr.nf,disposable
wxf07.shop,disposable
wxnw.net,disposable
wyoxafp.com,disposable
wywnxa.com,disposable
wzjpj.com,disposable
wzjyyds.com,disposable
wzofit.com,disposable
x-clone.asia,disposable
x-lab.net,disposable
x0bdu6n.mywire.org,disposable
x0q.net,disposable
x1ix.com,disposable
x24.com,disposable
x80.dpdns.org,disposable
x80la.shop,disposable
x8nxh3g.theworkpc.com,disposable
x9ad1.my,disposable
xagloo.co,disposable
xagloo.com,disposable
xandoria.cfd,disposable
xapimail.top,disposable
xazymarcie.space,disposable
xbaby69.top,disposable
xbrok.com,disposable
xcf.pet,disposable
xclone.asia,disposable
xcode.ro,disposable
xcodes.net,disposable
xcompress.com,disposable
xcoxc.com,disposable
xcp3iiv.ooguy.com,disposable
xcpy.com,disposable
xcsllajs.eu.cc,disposable
xcucngon.site,disposable
xcvuaylik.top,disposable
xcvv.xyz,disposable
xdfrms.fun,disposable
xdnss.cc,disposable
xdpxdp.online,disposable
xehop.org,disposable
xelio.sbs,disposable
xelu.space,disposable
xemaps.com,disposable
xemne.com,disposable
xen-bypass.com,disposable
xenloria.cfd,disposable
xeno.gay,disposable
xenta.cfd,disposable
xents.com,disposable
xepa.ru,disposable
xfavaj.com,disposable
xfft.beer,disposable
xgcpking.space,disposable
xgmail.bond,disposable
xhotmail.cyou,disposable
xi2.cc,disposable
xiajspof.eu.cc,disposable
xiangshan.eu.cc,disposable
xiaoche.ggff.net,disposable
xiaoguaishou.icu,disposable
xiaohuangyu.ccwu.cc,disposable
xiaoting.cc,disposable
xib.icu,disposable
xidealx.com,disposable
xiiqtg.com,disposable
xiiqtg.vip,disposable
xikemail.com,disposable
ximenor.site,disposable
xingmeisofa.com,disposable
xirentha.cfd,disposable
xitler.top,disposable
xiwinnie.icu,disposable
xjoi.com,disposable
xkx.me,disposable
xkxkud.com,disposable
xl.cx,disposable
xlcsh.icu,disposable
xmailer.be,disposable
xmailtm.com,disposable
xmaily.com,disposable
xmisom.help,disposable
xmlab.icu,disposable
xmyvgkvw.top,disposable
xn--5nx.cc,disposable
xn--9kq967o.com,disposable
xn--ai-ry2ck37oorv.com,disposable
xn--d-bga.net,disposable
xn--di5au2k.shop,disposable
xn--ihq4pool8g32cwxiiqcovaa9159jhvah03g.top,disposable
xn--jxsa73o.eu.org,disposable
xn--o38h.abrdns.com,disposable
xn--rhqv96g.tv,disposable
xn--yaho-sqa.com,disposable
xn-xp8h.bond,disposable
xo00wda.loseyourip.com,disposable
xojxe.com,disposable
xolic.me,disposable
xopmail.fun,disposable
xost.us,disposable
xoxo3.website,disposable
xoxox.cc,disposable
xperiae5.com,disposable
xpremium.pro,disposable
xpromail.xyz,disposable
xqqgegsd.eu.cc,disposable
xrap.de,disposable
xshop.bond,disposable
xsioap.eu.cc,disposable
xsnipersquad.com,disposable
xsnipersquad.site,disposable
xsnipersquad.space,disposable
xstyled.net,disposable
xswl.xyz,disposable
xtzg.beer,disposable
xunika.uk,disposable
xvx.us,disposable
xww.ro,disposable
xxhamsterxx.ga,disposable
xxi2.com,disposable
xxl.st,disposable
xxlocanto.us,disposable
xxmailedu.dpdns.org,disposable
xxolocanto.us,disposable
xxqx3802.com,disposable
xxvd.net,disposable
xxvk.ru,disposable
xxvk.store,disposable
xxxhi.cc,disposable
xy9ce.tk,disposable
xylanta.cfd,disposable
xylar.ru,disposable
xylar.store,disposable
xyxy.app,disposable
xyzfree.net,disposable
xzsok.com,disposable
y0fwzc2.mywire.org,disposable
y0p8gli.loseyourip.com,disposable
y1dk5vk.giize.com,disposable
y4plv.cyou,disposable
y6jxjln.kozow.com,disposable
yabai-oppai.tk,disposable
yabes.ovh,disposable
yahmail.top,disposable
yahooproduct.net,disposable
yahoox.cyou,disposable
yaloo.fr.nf,disposable
yamail.win,disposable
yanet.me,disposable
yangzazhong.top,disposable
yangzhai.xyz,disposable
yangzhong-sfd.cc,disposable
yanhd-jkd.top,disposable
yannmail.win,disposable
yanxuan.eu.cc,disposable
yapped.net,disposable
yaqp.com,disposable
yarnpedia.ga,disposable
yasuo.sbs,disposable
yb9ye8c.kozow.com,disposable
ybidbccmv.top,disposable
yc08.cn,disposable
ycare.de,disposable
ycglobalmovement.com,disposable
ycn.ro,disposable
ydhfks.shop,disposable
ydns.eu,disposable
ydscontingencia.com,disposable
ye.vc,disposable
yecp.ru,disposable
yecp.store,disposable
yedi.org,disposable
yeezus.ru,disposable
yellofdf2.click,disposable
yenphandinhe.com,disposable
yep.it,disposable
yermail.net,disposable
yeummo.io.vn,disposable
yfhsdb.eu.cc,disposable
ygbelira.me,disposable
ygebjd8-ktyd.top,disposable
yhg.biz,disposable
yihacihuy.top,disposable
yilue.eu.org,disposable
ying-ge.com,disposable
yingzi321.shop,disposable
yiuogmq.loseyourip.com,disposable
yjlwcbrf.top,disposable
yl66.cfd,disposable
ymonthl.com,disposable
ynagjie-66.cc,disposable
ynmrealty.com,disposable
ynnord.top,disposable
yodwg.sbs,disposable
yodx.ro,disposable
yogamaven.com,disposable
yoggm.com,disposable
yogirt.com,disposable
yomail.edu.pl,disposable
yomail.info,disposable
yomand.store,disposable
yondrix.cfd,disposable
yongdan-hstn.best,disposable
yoo.ro,disposable
yopm.zone.id,disposable
yopmail.com,disposable
yopmail.fr,disposable
yopmail.gq,disposable
yopmail.kro.kr,disposable
yopmail.loseyourip.com,disposable
yopmail.net,disposable
yopmail.ooguy.com,disposable
yopmail.pp.ua,disposable
yopmail.theworkpc.com,disposable
yopmail.webredirect.org,disposable
yoptruc.fr.nf,disposable
yordanmail.cf,disposable
yorushika.one,disposable
yotmail.fr.nf,disposable
you-spam.com,disposable
yougotgoated.com,disposable
youmail.ga,disposable
youmailr.com,disposable
youneedmore.info,disposable
youpymail.com,disposable
your5.ru,disposable
your5.store,disposable
yourdomain.com,disposable
youremail.cf,disposable
yourewronghereswhy.com,disposable
yourlms.biz,disposable
yours.tools,disposable
yourspamgoesto.space,disposable
yourtube.ml,disposable
yourwiseguide.com,disposable
youtube-com-watch-jtpdc8khnpi.accesscam.org,disposable
youtube-com-watch-jtpdc8khnpi.bond,disposable
youtube-com-watch-jtpdc8khnpi.cyou,disposable
youtube-com-watch-jtpdc8khnpi.dedyn.io,disposable
youtube-com-watch-jtpdc8khnpi.freeddns.org,disposable
youtube-com-watch-jtpdc8khnpi.gleeze.com,disposable
youtube-com-watch-jtpdc8khnpi.loseyourip.com,disposable
youtube-com-watch-jtpdc8khnpi.mywire.org,disposable
youtube-com-watch-jtpdc8khnpi.ooguy.com,disposable
youtube-com-watch-jtpdc8khnpi.theworkpc.com,disposable
youtube-com-watch-jtpdc8khnpi.webredirect.org,disposable
youxiang.dev,disposable
yroid.com,disposable
yrppwsekv.top,disposable
ysfuddr.top,disposable
ysgdjd.fun,disposable
yshdnhh.click,disposable
yspend.com,disposable
ysuhd.art,disposable
yszmy.cn,disposable
ytkj.us.ci,disposable
ytnhy.com,disposable
ytoof.app,disposable
ytpayy.com,disposable
yugasandrika.com,disposable
yui.it,disposable
yujiehanjiao.cc,disposable
yuki.ren,disposable
yummymeow.eu,disposable
yummymeow.fr,disposable
yummymeow.org,disposable
yummymeow.store,disposable
yun.pics,disposable
yunxiangpnv.lol,disposable
yuoia.com,disposable
yurevia.cfd,disposable
yurovovault.shop,disposable
yuurok.com,disposable
ywiueryweqrwerqsdf.us.ci,disposable
ywzmb.top,disposable
yxdad.ru,disposable
yxdad.store,disposable
yxx1.ccwu.cc,disposable
yxxala.ccwu.cc,disposable
yxxawa.ccwu.cc,disposable
yxxawa.top,disposable
yxzx.net,disposable
yydsplus.top,disposable
yykzv53.theworkpc.com,disposable
yyolf.net,disposable
yyqzc8v.giize.com,disposable
yzcalo.com,disposable
yzm.de,disposable
z-o-e-v-a.ru,disposable
z0d.eu,disposable
z1p.biz,disposable
z86.ru,disposable
z8ebbq2.camdvr.org,disposable
zai.asia,disposable
zain.com.co,disposable
zain.site,disposable
zainmax.net,disposable
zaktouni.fr,disposable
zalesie.net.pl,disposable
zantrax.com,disposable
zapmail.one,disposable
zarabotokdoma11.ru,disposable
zarkbin.store,disposable
zasod.com,disposable
zauxpbp.cn,disposable
zaym-zaym.ru,disposable
zcdpbx.top,disposable
zcjzy.cc.cd,disposable
zcovz.ru,disposable
zcovz.store,disposable
zcrcd.com,disposable
zdenka.net,disposable
ze.tc,disposable
zebins.com,disposable
zebins.eu,disposable
zehnminuten.de,disposable
zehnminutenmail.de,disposable
zeldaa.ccwu.cc,disposable
zellatrix.cfd,disposable
zellio.yachts,disposable
zemzar.net,disposable
zenbada.com,disposable
zenbyul.com,disposable
zensurpirat.de,disposable
zenthara.cfd,disposable
zenthira.cfd,disposable
zenthranet.com,disposable
zephyros.cfd,disposable
zepp.dk,disposable
zeroai.sbs,disposable
zeronerbacomail.com,disposable
zeropolly.com,disposable
zetmail.com,disposable
zevionyx.com,disposable
zexic.cyou,disposable
zfymail.com,disposable
zgg0.help,disposable
zhaji.eu.org,disposable
zhanhuokma2.wang,disposable
zhaoqian.ninja,disposable
zhaoyuanedu.cn,disposable
zhcne.com,disposable
zhengwz.dpdns.org,disposable
zhewei88.com,disposable
zhizhiwei.fun,disposable
zhjjq.tech,disposable
zhorachu.com,disposable
zhousj.eu.org,disposable
zik.dj,disposable
zikzak.site,disposable
zipcad.com,disposable
zipcatfish.com,disposable
ziping.me,disposable
zipmail.one,disposable
zipo1.gq,disposable
zippymail.info,disposable
zipsendtest.com,disposable
zira.my,disposable
ziragold.com,disposable
zivox.sbs,disposable
ziyoupi.asia,disposable
zizo7.com,disposable
zkfdwz.shop,disposable
zlqkuzx.ddnsfree.com,disposable
zmail.cam,disposable
zmnai.top,disposable
zmypxprb.sbs,disposable
znext.bond,disposable
zoaxe.com,disposable
zoemail.com,disposable
zoemail.net,disposable
zoemail.org,disposable
zoetropes.org,disposable
zolamin.com,disposable
zolmiu.cfd,disposable
zombie-hive.com,disposable
zomg.info,disposable
zoomintens.com,disposable
zorg.fr.nf,disposable
zouz.fr.nf,disposable
zovion.com,disposable
zozozo123.com,disposable
zpva4pd.mywire.org,disposable
zrufe.com,disposable
zsero.com,disposable
zsmj.cc.cd,disposable
zsts.top,disposable
zudpck.com,disposable
zuldev.live,disposable
zumnime.me,disposable
zumpul.com,disposable
zutomayo.best,disposable
zv68.com,disposable
zvvzuv.com,disposable
zw5pkjm.camdvr.org,disposable
zx81.ovh,disposable
zxb8bds.loseyourip.com,disposable
zxcv.com,disposable
zxcvbn123.cc.cd,disposable
zxcvbnm.com,disposable
zxhyzlwcp.top,disposable
zxqzin.cn,disposable
zxrey.club,disposable
zymuying.com,disposable
zyns.com,disposable
zypherin.cfd,disposable
zyranova.cfd,disposable
zyvenix.cfd,disposable
zzaidah.cloud,disposable
zzeu.us,disposable
zzi.us,disposable
zzrgg.com,disposable
zzz.com,disposable
zzzzzzzzzzzzzz-1090.dynv6.net,disposable
zzzzzzzzzzzzzz-2092.dynv6.net,disposable
zzzzzzzzzzzzzz-277.dynv6.net,disposable
zzzzzzzzzzzzzz-3294.dynv6.net,disposable
zzzzzzzzzzzzzz-3330.dynv6.net,disposable
zzzzzzzzzzzzzz-3535.dynv6.net,disposable
zzzzzzzzzzzzzz-3928.dynv6.net,disposable
zzzzzzzzzzzzzz-3940.dynv6.net,disposable
zzzzzzzzzzzzzz-4283.dynv6.net,disposable
zzzzzzzzzzzzzz-4904.dynv6.net,disposable
zzzzzzzzzzzzzz-5055.dynv6.net,disposable
zzzzzzzzzzzzzz-5246.dynv6.net,disposable
zzzzzzzzzzzzzz-546.dynv6.net,disposable
zzzzzzzzzzzzzz-739.dynv6.net,disposable
zzzzzzzzzzzzzz-7619.dynv6.net,disposable
zzzzzzzzzzzzzz-7911.dynv6.net,disposable
zzzzzzzzzzzzzz-8050.dynv6.net,disposable
zzzzzzzzzzzzzz-8079.dynv6.net,disposable
zzzzzzzzzzzzzz-8874.dynv6.net,disposable
zzzzzzzzzzzzzz-969.dynv6.net,disposable
zzzzzzzzzzzzzzzzzzzzzzzzzzzzzzzzzzzzzzzzzzzzzzzzzz.loseyourip.com,disposable
zzzzzzzzzzzzzzzzzzzzzzzzzzzzzzzzzzzzzzzzzzzzzzzzzz.ooguy.com,disposable
